교과목명,학정번호,학점
기계학습,AAI3120,3
자연어처리를위한딥러닝,AAI5003,3
병리학,AHI1001,3
의학용어(1),AHI2001,3
의학용어(2),AHI2002,3
보건의료정보관리학,AHI2003,3
보건의료통계,AHI2004,3
공중보건학개론,AHI2005,3
의료관계법규,AHI2006,3
AI프로그래밍,AHI3001,3
해부생리학,AHI3002,3
역학,AHI3003,3
보건행정학,AHI3004,3
머신러닝,AHI3005,3
질병및의료행위분류1,AHI3006,3
의료의질관리,AHI3007,3
보건의료데이터관리,AHI3008,3
의료정보기술,AHI3009,3
딥러닝,AHI3010,3
질병및의료행위분류2,AHI3011,3
암등록,AHI3012,2
건강보험이론및실무,AHI3013,3
자연어처리이론및응용,AHI3014,3
현장실습,AHI3015,3
보건의료조직관리,AHI3016,3
의무기록전사,AHI3017,1
의무기록정보분석실무,AHI4001,3
의무기록정보질향상실무,AHI4002,3
보건의료정보관리실무,AHI4003,3
건강정보보호,AHI4004,2
고급자연어처리,AHI4005,3
산학연구,AHI4006,3
인공지능프로그래밍,AIC2100,3
데이터사이언스개론,AIC2110,3
인공지능개론및응용,AIC2120,3
인공지능알고리즘,AIC2130,3
딥러닝개론및응용,AIC3100,3
자연어처리와챗지피티,AIC3110,3
미국학특강,AMR3104,3
문화인류학,ANT1001,3
문화기술지,ANT2101,3
한국문화낯설게보기,ANT2102,3
가족과문화,ANT2103,3
글로벌라이제이션과이주,ANT2104,3
지구촌시대의문화인류학,ANT2105,3
세계화와다문화주의,ANT2106,3
교육과문화,ANT2108,3
의료인류학,ANT2109,3
도시인류학,ANT2110,3
문화인류학의역사,ANT3101,3
현지조사방법론,ANT3102,3
현지조사실습(1),ANT3103,3
성과문화,ANT3104,3
몸의인류학,ANT3105,3
민족과종족,ANT3106,3
현대사회와정체성,ANT3107,3
동아시아지역연구,ANT3108,3
종교와문화,ANT3109,3
환경과문화,ANT3110,3
역사인류학,ANT3111,3
대중문화와문화산업,ANT3112,3
영상인류학(1),ANT3113,3
네트워크사회의문화기획,ANT3114,3
인류학특강,ANT3115,3
생태인류학,ANT3116,3
영상인류학(2),ANT3123,3
문화와관광,ANT3202,3
일본문화연구,ANT3203,3
현대중국의사회와문화,ANT3204,3
정치인류학,ANT3205,3
빈곤의인류학,ANT3206,3
과학기술의인류학(1),ANT3207,3
동남아시아사회와문화,ANT3208,3
법인류학,ANT3209,3
상징과의례,ANT3210,3
표상문화론,ANT3211,3
디지털사회와문화,ANT3212,3
스포츠인류학,ANT3213,3
현지조사실습(2),ANT4101,3
지역연구,ANT4102,3
경제인류학,ANT4103,3
문화기술지강독,ANT4104,3
현대사회의돌봄과친밀성의구조,ANT4105,3
문화기획실습(인턴십),ANT4106,3
글로벌이슈와인류학적전망,ANT4107,3
문화갈등과글로벌가바넌스,ANT4108,3
문화비평적글쓰기,ANT4109,3
과학기술의인류학(2),ANT4110,3
현대문화인류학이론,ANT4202,3
건축공학설계,ARC2103,3
건축설계2,ARC2104,6
건축설계1,ARC2105,6
건축구조의이해,ARC2201,3
건설사업관리,ARC2202,3
건축구조역학,ARC2203,3
건축빛ㆍ음환경공학,ARC2204,3
서양건축사,ARC2301,3
건축열환경공학,ARC2302,3
기초설계,ARC2501,3
건축학개론,ARC2503,3
건축공학실무,ARC3000,3
건축법규,ARC3102,3
건축설계3,ARC3105,6
건축설계4,ARC3106,6
건축설계5,ARC3107,6
건축구조해석,ARC3201,3
건축재료실험,ARC3202,3
철근콘크리트구조해석,ARC3203,3
철골구조해석,ARC3204,3
건설계약및분규해결,ARC3208,3
건설공정관리,ARC3209,3
건축공기환경,ARC3210,3
스마트건설입문,ARC3301,3
건설견적관리,ARC3305,3
건축시공,ARC3306,3
건축재료,ARC3307,3
건축설비,ARC3309,3
현대건축,ARC3402,3
건축열환경계획,ARC3403,3
생태건축,ARC3406,3
건축환경재료,ARC3501,3
동양건축사,ARC3506,3
건축과문화,ARC3507,3
도시설계론,ARC3508,3
건축설계6,ARC4108,6
건축설계7,ARC4109,6
건축설계8,ARC4110,3
건축실무,ARC4121,3
공학종합설계,ARC4201,6
급배수위생설비,ARC4202,3
건축내진설계입문,ARC4203,3
부동산개발,ARC4204,3
철골구조설계,ARC4205,3
철근콘크리트구조설계,ARC4206,3
건축이론과 실제,ARC4208,3
건물시스템운영관리,ARC4209,3
건물성능평가,ARC4210,3
공기조화설비,ARC4302,3
AI논리회로설계,ASD2001,3
AI데이터구조론,ASD2002,3
AI이산구조,ASD2003,3
AI회로이론,ASD2004,3
기초AI전자,ASD2005,3
INTRODUCTION TO ASIAN STUDIES,ASP1011,3
AS LHP: TOPICS IN ASIAN ECONOMIC HISTORY,ASP2001,3
AS LHP: VIOLENCE AND SOCIETY IN MODERN SOUTH ASIA,ASP2002,3
AS LHP: READING COLONIAL JAPAN,ASP2004,3
AS LHP: SELECTED TOPICS IN CHINESE THOUGHT,ASP2006,3
AS LHP: KOREN WAR,ASP2007,3
AS LHP: HISTORY OF MODERN KOREA,ASP2008,3
KOREAN SOCIETY AND CULTURAL REPRESENTATION,ASP2010,3
AS LHP: SELECTED TOPICS IN CHINESE THOUGHT (2),ASP2011,3
AS LHP: HUMAN RIGHTS IN DIVIDED KOREA,ASP2013,3
AS LHP: COLD WAR IN EAST ASIA,ASP2014,3
"AS LHP: POSTWAR JAPAN: WAR, MEMORY AND POP CULTURE",ASP2015,3
AS LHP: MODERN CHINA,ASP2016,3
"AS LHP: SOCIAL MOVEMENTS IN MODERN JAPAN, 1868-1960",ASP2019,3
AS LHP: GENDER IN MODERN JAPANESE HISTORY,ASP2020,3
UNDERSTANDING KOREAN ART AND AESTHETICS,ASP2023,3
AS LHP: MODERNITY AND CHINESE LITERATURE,ASP2024,3
AS LHP: POSTWAR JAPAN: POLITICS AND CULTURE,ASP2025,3
"AS LHP: ETHNICITY AND NATIONALISM IN SOUTH ASIA, 1830-1980",ASP2026,3
AS LHP: CULTURES OF GLOBALIZATION,ASP2027,3
AS LHP: TRANSNATIONAL FEMINISM IN ASIA,ASP2028,3
MODERN KOREAN FICTION AND FILM,ASP2030,3
"NORTH KOREA: HISTORY, CULTURE, POLITICS",ASP2033,3
AS LHP: MODERN JAPANESE LITERATURE,ASP2034,3
AS LHP: MEMORY AND MEMORIALIZATION IN ASIA AND BEYOND,ASP2036,3
AS LHP: THE KOREAN WAVE,ASP2037,3
AS LHP: TOPICS IN CHINESE HISTORY,ASP2038,3
ASP LHP: WARS IN EAST ASIA 1839-PRESENT,ASP2039,3
AS LHP: STRANGER THINGS IN THE CHINESE LITERARY TRADITION,ASP2100,3
AS LHP: THE TRADITIONAL CHINESE NOVEL: THEN AND NOW,ASP2101,3
POWER AND MARGINALITY IN POST-SOCIALIST CHINA,ASP3003,3
TRANSNATIONAL EAST ASIAN CINEMAS,ASP3004,3
HISTORY OF KOREAN PAINTING,ASP3005,3
"WOMEN IN KOREAN ART: GENDER, IDENTITY AND REPRESENTATION",ASP3006,3
AS LHP: CAPITALISM AND ITS CRITICS; KOREA 1920-PRESENT,ASP3007,3
AS LHP: SPACE AND MOBILITY IN EARLY MODERN JAPAN 1603-1868,ASP3008,3
"AS LHP: SOVEREIGNTY AND NATIONALISM IN KOREA, 1894-1948",ASP3009,3
CONTEMPORARY ISSUES IN CHINESE ECONOMY,ASP3011,3
MEDIA ART PRODUCTION,ASP3015,3
HISTORIOGRAPHY ON KOREA,ASP3018,3
"JAPANESE FICTION AND FILM: GENDER, CLASS, AND ETHNICITY",ASP3019,3
ETHNICITY AND CULTURE IN ASIA,ASP3024,3
RELIGIOUS PRACTICE IN KOREAN HISTORY,ASP3026,3
GENDER AND KOREAN SOCIETY,ASP3029,3
FOOD AND CULTURE IN ASIA,ASP3030,3
DEMOCRACY IN SOUTH KOREA,ASP3031,3
DIPLOMATIC PRACTICE IN THE KOREAN PENINSULA,ASP3033,3
OUTLAWS,ASP3034,3
THE DIARY IN KOREAN AND WORLD HISTORY,ASP3035,3
CONTEMPORARY SOUTHEAST ASIA,ASP4001,3
CRITICAL ISSUES IN SOUTHEAST ASIA,ASP4003,3
ART AND THE CITY,ASP4004,3
우주의탐구,AST1001,3
천문우주학개론(1),AST1002,3
천문우주학개론(2),AST1003,3
기초천체물리학(1),AST2102,3
기초천체물리학(2),AST2105,3
위성천문학,AST2106,3
전파천문학,AST3101,3
천체관측법(1),AST3102,3
우주동력학(1),AST3103,3
항성진화론,AST3104,3
우주동력학(2),AST3105,3
은하와우주(1),AST3106,3
과학영상처리론및실습,AST3107,3
천문관측기기와응용,AST3108,3
우주비행학,AST3109,3
천체물리학(1),AST3110,3
천문계산법,AST3111,3
은하와우주(2),AST4103,3
우주비행체임무및개념설계,AST4104,3
천체물리학(2),AST4105,3
우주론,AST4106,3
졸업논문연구(1)ⓟ,AST4108,1
졸업논문연구(2)ⓟ,AST4109,2
기후변화의 이해,ATM2101,3
대기환경,ATM2102,3
방송기상학,ATM2103,3
대기탐사,ATM2104,3
대기과학입문,ATM2105,3
대기해양순환,ATM2106,3
도시기상학,ATM2108,3
대기열역학,ATM2109,3
기상재해,ATM2110,3
태양과기후,ATM2111,3
대기역학(1),ATM3103,3
대기물리(1),ATM3104,3
미기상학,ATM3105,3
대기관측,ATM3106,3
대기화학,ATM3107,3
대기물리(2),ATM3108,3
대기분석,ATM3109,3
위성기상학,ATM3110,3
해양물리,ATM3111,3
고층대기,ATM3112,3
기상통계분석,ATM3113,3
항공기상학,ATM3114,3
기상프로그래밍,ATM3119,3
대기예측,ATM3120,3
대기과학빅데이터개론,ATM3121,3
대기역학(2),ATM4101,3
유체역학,ATM4102,3
전산유체역학,ATM4103,3
대기오염,ATM4104,3
기후역학,ATM4105,3
대기과학심화연구,ATM4106,3
자료동화,ATM4107,3
실용기상기후학,ATM4108,3
생물대기상호작용,ATM4112,3
대기대순환개론,ATM4113,3
생화학실험(1),BCH2002,3
생화학과 진로계획세미나ⓟ,BCH3001,3
생체물리화학,BCH3103,3
분자생리학,BCH3104,3
생화학실험(2),BCH3107,3
단백질생화학,BCH3108,3
분자생물학,BCH3109,3
발생생화학,BCH3113,3
세포생화학(2),BCH3115,3
분자바이러스학,BCH3116,3
유전생화학ⓟ,BCH3117,3
병리생화학,BCH3122,3
신경과학2,BCH3123,3
생물정보통계학,BCH3124,3
줄기세포학,BCH3125,3
생화학과제실험(1)ⓟ,BCH4101,3
생화학과제실험(2)ⓟ,BCH4102,3
생화학창의실험,BCH4107,3
생리생화학,BCH4109,3
후성유전체학,BCH4110,3
암생물학,BCH4111,3
암유전체학,BCH4113,3
생화학과제실험(2),BCH4201,3
GENERAL BIOLOGY AND LABORATORY(1),BIO1001,3
GENERAL BIOLOGY AND LABORATORY(2),BIO1002,3
일반생물학및실험(1)(심화),BIO1008,3
일반생물학및실험(2)(심화),BIO1009,3
공학생물학및실험(1),BIO1011,3
공학생물학및실험(2),BIO1012,3
생명체의진화와다양성,BIO2207,3
INTRODUCTION TO MODERN BIOLOGICAL SCIENCE AND RESEARCH,BIO2208,2
현대생명과학연구세미나,BIO2503,2
발생학,BIO3101,3
미생물학,BIO3102,3
식물세포형태학,BIO3103,3
면역학,BIO3104,3
식물분자생리학,BIO3105,3
식물발생분화학,BIO3106,3
시스템생물학실험 II,BIO3111,3
동물생리학,BIO3112,3
시스템생물학실험 III,BIO3113,3
유전체학,BIO3118,3
유전학,BIO3119,3
환경생물학,BIO3120,3
감각과지각,BIO3121,3
시스템생물학실험(1),BIO3502,3
세포생물학 II,BIO3503,3
분자생물학,BIO3712,3
분자생화학,BIO3715,3
생체방어시스템,BIO3716,3
조직학,BIO3718,3
후성유전학입문,BIO3719,3
바이러스학,BIO4101,3
세균학,BIO4104,3
생물리학,BIO4106,3
분자암생물학,BIO4108,3
유전체학,BIO4112,3
바이오기술의최신동향과산업화,BIO4717,3
시스템생물학창의실험,BIO4912,3
시스템생물학실험 IV,BIO4913,3
진화학,BIO4915,3
분자생물학연구기법,BIO4916,3
시스템생명정보학,BIO4994,3
회계원리(1),BIZ1101,3
조직행동론,BIZ1102,3
주니어세미나ⓟ,BIZ2001,1
UT세미나ⓟ,BIZ2003,1
경영수학(1),BIZ2113,3
경영수학(2),BIZ2114,3
재무관리,BIZ2119,3
마케팅,BIZ2120,3
오퍼레이션관리,BIZ2121,3
경영과학,BIZ2122,3
창업101:한국의빌게이츠를향해,BIZ2124,3
경영학입문세미나,BIZ2127,1
상법(1),BIZ3001,3
경영시뮬레이션,BIZ3104,3
회사법,BIZ3105,3
조세개론,BIZ3106,3
법인세법,BIZ3107,3
회계원리(2),BIZ3108,3
중급회계(1),BIZ3109,3
원가회계,BIZ3110,3
E-BUSINESS전략,BIZ3113,3
HCI개론,BIZ3117,3
기업재무,BIZ3119,3
투자론,BIZ3120,3
보험총론,BIZ3124,3
보험경영론,BIZ3125,3
소비자행동론,BIZ3126,3
시장조사론,BIZ3127,3
광고론,BIZ3128,3
유통경로론,BIZ3129,3
신제품마케팅,BIZ3130,3
국제경영론,BIZ3134,3
국제마케팅,BIZ3135,3
인적자원관리,BIZ3136,3
경영협상론,BIZ3138,3
벤처창업론,BIZ3143,3
전략경영,BIZ3147,3
노사관계론,BIZ3148,3
물류및공급체인관리,BIZ3150,3
중급회계(2),BIZ3155,3
비즈니스커뮤니케이션,BIZ3158,3
전략적구매및공급경영,BIZ3160,3
세계경영세미나,BIZ3161,3
금융시장론,BIZ3162,3
서비스오퍼레이션관리,BIZ3166,3
오퍼레이션전략,BIZ3167,3
계량마케팅의사결정,BIZ3172,3
PC를활용한경영의사결정,BIZ3173,3
uGET(캡스톤디자인),BIZ3174,3
글로벌기업과법적환경,BIZ3175,3
창조와혁신,BIZ3176,3
중국경영론,BIZ3180,3
제품및서비스혁신,BIZ3182,3
경영정보시스템,BIZ3189,3
전략적제휴경영,BIZ3191,3
정부회계와재정통계,BIZ3195,3
최첨단기술트렌드와기술경영,BIZ3196,3
비즈니스애널리틱스,BIZ3197,3
비즈니스프로그래밍,BIZ3198,3
AI비즈니스,BIZ3199,3
헬스케어비즈니스,BIZ3200,3
스타트업인턴십(겨울학기),BIZ3203,3
창업307:시제품출시하기,BIZ3205,3
공급사슬애널리틱스,BIZ3206,3
인공지능경영입문프로젝트,BIZ3207,3
생성형AI기반의비즈니스애널리틱스,BIZ3342,3
마케터를위한응용통계,BIZ3343,3
ESG지속가능마케팅,BIZ3344,3
경영자를위한IT/AI경제학,BIZ3345,3
개인화추천시스템,BIZ3346,3
AI와오퍼레이션애널리틱스,BIZ3347,3
경영학자양성세미나,BIZ4001,3
네트워크이론,BIZ4102,3
수리및확률계획,BIZ4106,3
수리계획론,BIZ4110,3
재무회계연습(1),BIZ4112,3
재무회계연습(2),BIZ4113,3
회계감사,BIZ4115,3
고급회계,BIZ4116,3
IT전략,BIZ4119,3
파생상품론,BIZ4122,3
기업분석과가치평가,BIZ4123,3
마케팅전략,BIZ4125,3
브랜드관리론,BIZ4126,3
소매경영,BIZ4127,3
관계마케팅,BIZ4129,3
세계경영환경론,BIZ4131,3
세계기업현장실습,BIZ4132,3
데이타를이용한의사결정,BIZ4139,3
조직구조와설계,BIZ4140,3
인간중심디자인,BIZ4141,3
기술경영,BIZ4142,3
불확실성과최적의사결정,BIZ4147,3
세계신흥시장의이해와진출전략,BIZ4148,3
프로젝트관리,BIZ4150,3
인수합병과구조조정,BIZ4151,3
최적제어이론,BIZ4152,3
연경리더스포럼,BIZ4157,3
글로벌경영포럼,BIZ4158,3
경영윤리포럼,BIZ4159,3
기업성장및혁신전략,BIZ4160,3
사회적기업과혁신,BIZ4162,3
기업가치평가,BIZ4164,3
경영컨설팅과컨설턴트의세계,BIZ4165,3
서비스디자인,BIZ4167,3
ESG경영과기업지배구조,BIZ4168,3
IN SEARCH OF LEADERS,BIZ4171,3
글로벌공급망전략,BIZ4172,3
프랜차이즈관리,BIZ4173,3
네트워크최적화와응용,BIZ4175,3
마케팅전략모형,BIZ4177,3
조직학습:기회와함정,BIZ4180,3
창업303:창업하기,BIZ4182,3
SOCIAL RESPONSIBILITY: A,BIZ4183,3
소셜네트워크마케팅,BIZ4184,3
혁신을위한디자인적사고,BIZ4185,3
창업402:소셜벤처프로젝트-uSEE,BIZ4186,3
창업305:창조성,BIZ4187,3
최적화개론,BIZ4188,3
창업401:창업기업컨설팅-uCAN,BIZ4190,3
사회공헌프로젝트:uSEE,BIZ4191,3
마케팅애널리틱스,BIZ4192,3
동기부여와임파워먼트,BIZ4193,3
비즈니스애널리틱스를위한머신러닝,BIZ4194,3
디지털마케팅전략및응용,BIZ4195,3
벤처캐피탈,BIZ4196,3
상시창조적혁신과21세기형경영,BIZ4197,3
uSET(캡스톤디자인),BIZ4198,3
창업403:스타트업부트캠프,BIZ4199,3
uSET-CILab(캡스톤디자인),BIZ4201,3
전략경영세미나,BIZ4202,3
마케팅인사이트,BIZ4203,3
데이터베이스관리,BIZ4204,3
블록체인과전략적혁신,BIZ4205,3
긍정조직학,BIZ4206,3
한국의산업및전략,BIZ4207,3
확률적재고관리모델,BIZ4208,3
사업혁신컨설팅액션프로젝트,BIZ4962,3
의학용어,BML1002,2
인체해부학,BML1003,3
미생물학,BML2004,3
병리학,BML2005,3
세포생물학,BML2006,3
세포생리학및실험,BML2009,3
조직학,BML2010,3
혈청학및실험(종합설계),BML3001,3
임상유전학,BML3002,3
임상생리학(1),BML3003,3
임상바이러스학,BML3004,3
임상기기분석학,BML3005,3
생리학,BML3006,3
임상화학및실험(1),BML3007,3
임상미생물학및실험(1),BML3008,3
혈액학,BML3010,3
생화학,BML3014,3
임상병리사임상실습(1),BML3019,3
임상병리사임상실습(2),BML3020,3
임상병리사임상실습(3),BML3021,3
의료법규,BML3024,1
정도관리학,BML3025,2
분자생물학,BML3028,3
체액진단학및실험,BML3029,3
면역혈액학및실험,BML3030,3
진단세포학및실험,BML3031,3
면역학,BML3032,3
임상병리현장실습(1),BML3033,1
임상병리현장실습(2),BML3035,1
임상병리현장실습(3),BML3036,1
임상병리현장실습(4),BML3037,1
감염병학및실험,BML3038,3
진단조직학및실험(종합설계),BML3041,3
병원감염관리학,BML3042,3
MEDICI장기현장실습,BML3043,9
법의학,BML3048,3
임상생리학(2)및실험,BML3049,3
임상미생물학및실험(2),BML3050,3
임상화학및실험(2),BML4015,3
진단혈액학및실험,BML4016,3
분자진단학,BML4017,3
학부연구(1),BML4021,2
학부연구(2),BML4022,2
학부연구(3),BML4023,2
학부연구(4),BML4024,2
공중보건학,BML4025,3
전공실기(피아노),BSP1101,3
관악기를위한오케스트라워크샵,BSP1117,1
관합주,BSP1118,1
현합주,BSP1119,1
전공실기(관현악),BSP1121,3
근현대피아노음악(1),BSP1122,2
근현대피아노음악(2),BSP1123,2
실내악(피아노),BSP2119,2
건반화성(1),BSP2201,3
건반화성(2),BSP2202,3
건반화성(3),BSP2203,3
건반화성(4),BSP2204,3
피아노부전공,BSP2207,2
피아노연주법세미나(1),BSP2208,2
실내악(현악),BSP2209,2
실내악(관악),BSP2210,2
연세심포니오케스트라,BSP2211,3
뮤직컨텐츠마케팅,BSP2212,2
피아노구조와조율,BSP2217,2
피아노문헌(1),BSP3201,3
피아노문헌(2),BSP3202,3
피아노반주법(1),BSP3203,3
피아노반주법(2),BSP3204,3
피아노문헌(3),BSP3207,3
가창(1),BSP3209,2
가창(2),BSP3210,2
관현악지휘법(1),BSP3211,2
관현악지휘법(2),BSP3212,2
스즈끼메소드(1),BSP3218,3
창작곡연주(1),BSP3222,1
창작곡연주(2),BSP3223,1
특수악기연주세미나,BSP3224,1
피아노연주법세미나(2),BSP3225,2
관악문헌,BSP3226,3
현악문헌(1),BSP3234,3
엘렉톤연주법,BSP3236,2
피아노문헌(4),BSP4201,3
오케스트라레파토리세미나(1),BSP4207,1
오케스트라레파토리세미나(2),BSP4208,1
연세필하모닉오케스트라,BSP4209,3
오페라앙상블클래스(1),BSP4218,3
오페라앙상블클래스(2),BSP4223,3
바로크음악연주법,BSP4224,3
세포생물학,BST2001,3
미생물학,BST2002,3
동물생리학,BST2003,3
분자생물학,BST2004,3
유기화학,BST2005,3
식물생리학,BST2006,3
생명과학기술의이해,BST2008,3
생물통계학,BST2010,3
생화학,BST3001,3
생물계통분류학,BST3009,3
유전학,BST3011,3
보전생물학,BST3012,3
동물발생학,BST3013,3
조직및해부학,BST3016,3
유전체정보학,BST3017,3
곤충과학,BST3018,3
식물발생유전학,BST3020,3
식물생장과분자생리,BST3021,3
진화생물학,BST3025,3
노화생물학,BST3027,3
신경과학,BST3028,3
바이러스학,BST3030,3
생식생물학,BST3105,3
식품가공학및실험,BST3106,3
식품위생학,BST3112,3
식품화학및실험,BST3113,3
건강기능식품학,BST3114,3
동물세포공학,BST3115,3
생태복원공학,BST3116,3
식품미생물학및실험,BST3117,3
동물발생공학및실험,BST3118,3
생물공학,BST3121,3
바이오소재산업학,BST3123,3
효소학및실험,BST3126,3
면역학,BST3127,3
약리독성학,BST3128,3
생명과학실험,BST3130,3
과학논리및논술,BST3135,2
생물학교재연구및지도법,BST3136,3
생명과학교육론,BST3137,3
유전공학,BST3138,3
단백질공학,BST3140,3
병원성미생물학,BST3141,3
생물리학,BST3142,3
바이오의약품,BST3143,3
행동생물학,BST3144,3
MEDICI 장기현장실습,BST3145,9
세포배양공정,BST3150,3
생태학,BST3151,3
미생물학,BST3152,3
나노생명공학,BST3153,3
생명과학특강,BST4001,1
생명과학세미나,BST4002,1
생물기기분석및실습,BST4006,3
고급생명과학실험법,BST4010,2
고급생명과학연구,BST4011,2
해부생리학실험,BST4013,2
세포및분자생물학실험,BST4015,2
식물생리및분자발생실험,BST4016,2
인턴십프로그램(1),BST4017,1
인턴십프로그램(2),BST4018,1
인턴십프로그램(3),BST4019,1
인턴십프로그램(4),BST4020,1
생명과학기술캡스톤디자인,BST4022,3
바이오신소재LTM캡스톤디자인,BST4023,3
바이오소재공학실험,BST4026,2
세포배양실험,BST4027,2
주니어세미나,BTE2001,1
물리화학,BTE2101,3
생물유기화학,BTE2201,3
일반미생물학,BTE2202,3
응용미생물학,BTE2402,3
생물회로공학,BTE2403,3
생명공학기초실험(1),BTE2601,3
유전학분석,BTE2702,3
생명공학정보처리,BTE2703,3
생명공학개론,BTE2704,3
생명공학수학,BTE2705,3
세포생명공학,BTE3101,3
분자생물학,BTE3102,3
식품생화학,BTE3103,3
의약생물소재화학,BTE3104,3
신경과학·뇌과학2,BTE3105,3
생물전달현상,BTE3201,3
바이오시스템·공정공학,BTE3202,3
미생물생명공학,BTE3402,3
면역학,BTE3403,3
식품생물재료공학,BTE3404,3
생리활성물질,BTE3406,3
식품공정공학,BTE3407,3
생명공학기기분석,BTE3408,3
생물분리공정,BTE3503,3
대사공학,BTE3506,3
계산화학,BTE3510,3
생명공학기초실험(2),BTE3601,3
생명공학전공실험 I,BTE3602,3
생명공학전공실험 II,BTE3603,3
생리학,BTE3607,3
화학생물학,BTE3608,3
나노의생명공학,BTE3609,3
바이오엔지니어현장실습(1),BTE4001,3
분자생명공학,BTE4401,3
생명정보학,BTE4402,3
분자설계및실습,BTE4404,3
바이오식품산업공학,BTE4408,3
지식기반신약개발방법론,BTE4409,3
의약화학,BTE4501,3
생명공학창의설계,BTE4601,3
생명공학캡스톤디자인,BTE4602,3
기능유전체학,BTE4603,3
생물의약개론,BTE4604,3
생명공학논문작성법,BTE4605,3
생명공학발명과특허,BTE4606,3
세포조직공학개론,BTE4609,3
바이러스와숙주,BTE4610,3
바이오폴리머개론,BTE4611,3
바이오시스템공학,BTE4612,3
건강기능식품학,BTE4613,3
재생바이오공학,BTE4614,3
진단생명공학,BTE4615,3
단백질설계공학,BTE4616,3
컴퓨터프로그래밍,CAS1100,3
객체지향프로그래밍,CAS1102,3
컴퓨팅개론,CAS1103,3
주니어세미나,CAS2001,1
이산구조,CAS2101,3
자료구조,CAS2103,3
컴퓨터과학입문,CAS2106,3
컴퓨터시스템,CAS2107,3
인터넷프로그래밍,CAS2109,3
논리회로설계,CAS2111,3
멘토세미나,CAS2130,1
딥러닝기초수학,CAS2230,3
인공지능개론△,CAS2250,3
운영체제○,CAS3101,3
컴퓨터아키텍쳐□,CAS3102,3
프로그래밍언어구조론,CAS3103,3
데이터베이스,CAS3105,3
소프트웨어공학,CAS3106,3
시스템프로그래밍,CAS3107,3
알고리즘분석○,CAS3108,3
오토마타형식언어,CAS3109,3
컴퓨터비전,CAS3116,3
컴퓨팅연구과제1,CAS3119,1
기계학습△,CAS3120,3
컴퓨팅연구과제2,CAS3121,1
심층신경망,CAS3201,3
컴퓨터그래픽스,CAS3205,3
인공지능,CAS3208,3
인공지능신호처리,CAS3210,3
자연어처리,CAS3301,3
인공지능시스템□,CAS3400,3
컴퓨터종합설계○,CAS4101,3
인공지능종합설계△,CAS4102,3
컴파일러설계,CAS4104,3
컴퓨터네트워크,CAS4106,3
인간과컴퓨터인터페이스,CAS4107,3
데이터프라이버시,CAS4108,3
컴퓨터보안,CAS4109,3
소프트웨어인턴쉽(1),CAS4113,3
소프트웨어인턴쉽(2),CAS4114,3
데이터마이닝,CAS4117,3
임베디드컴퓨팅,CAS4118,3
멀티코어및GPU프로그래밍,CAS4119,3
빅데이터,CAS4121,3
미래컴퓨터과학전공탐색,CAS4130,1
커넥티드플랫폼이론과실제,CAS4131,3
거대언어모델,CAS4133,3
인공지능융합실습,CAS4140,3
데이터시각화입문,CAS4150,3
SW.AI비지니스응용설계,CAS4151,3
강화학습,CAS4160,3
멀티모달딥러닝,CAS4201,3
INTRODUCTION TO CULTURE AND DESIGN MANAGEMENT,CDM1001,3
CREATIVE THINKING AND VISUALIZATION,CDM1003,3
DESIGN & CITY IN CULTURE,CDM1011,3
CULTURE AND DESIGN TRENDS,CDM2001,3
DESIGN 1: ELEMENTS AND ORGANIZATION,CDM2002,3
THEORY AND PRACTICE OF CULTURAL STUDIES,CDM2003,3
INTRODUCTION TO CULTURE AND DESIGN BUSINESS,CDM2004,3
DESIGN 2: DESIGN AND TECHNOLOGY,CDM2005,3
CONTEMPORARY TOPICS IN CULTURAL INDUSTRY,CDM2006,3
HISTORY OF MODERN AND CONTEMPORARY DESIGN,CDM2007,3
DESIGN RESEARCH,CDM2008,3
ORGANIZATION AND PLANNING OF EXHIBITION,CDM2009,3
DIGITAL DESIGN,CDM2010,3
ART THEORY AND VISUAL CULTURE,CDM2011,3
INTRODUCTION TO MARKETING,CDM2012,3
SERVICE DESIGN,CDM3001,3
KOREAN CULTURE AND AESTHETICS,CDM3002,3
DESIGN 3: DESIGN AND PROTOTYPING,CDM3003,3
DESIGN PROJECT MANAGEMENT,CDM3005,3
DESIGN INNOVATION,CDM3006,3
DESIGN 4: NEW PRODUCT DEVELOPMENT PROCESS,CDM3007,3
ART AND CULTURE MARKETING,CDM3008,3
INTEGRATED BRAND MANAGEMENT AND VMD,CDM3009,3
CULTURE AND SERVICE DESIGN,CDM3010,3
DESIGN THINKING,CDM3012,3
TYPOGRAPHY DESIGN,CDM3014,3
FOUNDATIONS OF MARKETING,CDM3015,3
STRATEGIC MARKETING,CDM4003,3
ACADEMIC-INDUSTRY PROJECT,CDM4004,6
ART MANAGEMENT,CDM4006,3
SOCIAL INNOVATION FOR SUSTAINABILITY,CDM4008,3
ART AND SOCIAL ENTERPRISE,CDM4009,3
DESIGN BUSINESS,CDM4010,3
BRAND MEDIA MANAGEMENT,CDM4011,3
INTERDISCIPLINARY DESIGN MANAGEMENT,CDM4012,3
사회환경메가스트럭처기획ⓟ,CEE1102,3
정역학및고체역학,CEE2002,3
기초유체역학,CEE3201,3
측량학,CEE3202,3
생태시스템공학,CEE3203,3
재료역학및응용,CEE3303,3
환경공학및실험,CEE3330,3
구조해석,CEE3401,3
콘크리트구조거동,CEE3402,3
토질역학,CEE3403,3
수리학,CEE3404,3
환경공정및시스템공학,CEE3406,3
강구조및합성구조설계,CEE3408,3
콘크리트구조설계,CEE3410,3
수문시스템공학,CEE3412,3
구조진동및지진공학,CEE3413,3
물관리공학,CEE3414,3
자원순환공학,CEE3415,3
기초공학,CEE3417,3
지형공간탐측학,CEE3419,3
지형공간정보학,CEE3420,3
스마트하천공학,CEE3422,3
인공지능과건설환경공학,CEE3605,3
사회기반시스템종합설계,CEE4201,3
건설환경공학실험및데이터분석,CEE4401,3
건설BIM,CEE4402,3
지반시스템공학,CEE4406,3
건설관리,CEE4408,3
건설자동화및계측,CEE4411,3
건설경제성분석,CEE4412,3
건설환경공학세미나ⓟ,CEE4413,3
사회환경시스템공학연구ⓟ,CEE4415,3
아동가족학의이해,CFS1003,1
영아발달,CFS2103,3
유아교육론,CFS2104,3
가족학개론,CFS2106,3
유아음악교육,CFS3101,3
유아사회.정서교육,CFS3102,3
아동미술교육,CFS3103,3
아동문제행동지도,CFS3104,3
아동상담,CFS3105,3
아동심리측정,CFS3107,3
아동수학지도,CFS3108,3
유아놀이지도,CFS3109,3
가족관계,CFS3110,3
아동문학,CFS3111,3
영유아교수방법,CFS3112,3
친근한관계의이해,CFS3113,3
성격발달,CFS3114,3
부모교육,CFS3116,3
놀이치료,CFS3117,3
아동영양학,CFS3121,3
유아발달,CFS3123,3
유아교육과정,CFS3124,3
아동관찰및행동연구,CFS3125,3
청년발달,CFS3126,3
유아동작교육,CFS3127,3
인지발달,CFS3128,3
특수아동의이해,CFS3129,3
유아건강교육,CFS3130,3
언어지도,CFS3132,3
아동과학지도,CFS3133,3
노년학개론,CFS3134,3
가족복지,CFS3135,3
두뇌와행동,CFS3136,3
아동가족연구와통계적이해,CFS3137,3
인간의학습과 발달,CFS3138,3
아동안전관리,CFS3139,3
보육교사론,CFS4102,3
가족생활교육,CFS4103,3
정신건강론,CFS4104,3
유아교육기관운영관리,CFS4105,3
집단상담의기초,CFS4106,3
인간생태연구,CFS4107,3
가족과젠더,CFS4108,3
아동.가족연구방법론,CFS4109,3
아동복지론,CFS4110,3
아동.가족현장실습ⓟ,CFS4111,3
보육실습,CFS4112,3
노화와가족,CFS4113,3
가족상담,CFS4114,3
가족정책론,CFS4115,3
부모-자녀관계,CFS4118,3
성인초기발달,CFS4121,3
노인상담,CFS4122,3
일반화학및실험(1),CHE1001,3
일반화학및실험(2),CHE1002,3
공학화학및실험(1),CHE1011,3
공학화학및실험(2),CHE1012,3
일반화학및실험(1),CHE1101,3
유기화학 I,CHE2103,3
물리화학1,CHE2105,3
무기화학1,CHE2107,3
분석화학1,CHE2109,3
분석화학2,CHE3102,3
무기화학2,CHE3103,3
생물유기화학,CHE3104,3
유기신소재화학,CHE3106,3
기기분석,CHE3108,3
유기화학2,CHE3110,3
물리화학2,CHE3112,3
분석화학실험,CHE3114,2
유기화학실험,CHE3115,2
무기화학실험,CHE3116,2
물리화학실험,CHE3117,2
진로개발세미나(화학과)ⓟ,CHE3118,1
유기합성,CHE4101,3
분자분광학 및 동역학,CHE4102,3
물리유기화학,CHE4103,3
유기금속화학,CHE4105,3
고등화학전공실험ⓟ,CHE4107,3
무기신소재화학,CHE4109,3
양자화학,CHE4110,3
화학인공지능기초,CHE4112,3
중국입문,CHI3101,3
중국의최근정황,CHI3102,3
전공실기,CHM1101,3
교회음악개론(1),CHM1201,2
합창(심포니콰이어),CHM1207,2
합창(콘서트콰이어),CHM1208,2
교회음악개론(2),CHM1209,2
합창발성법(1),CHM2109,2
합창발성법(2),CHM2110,2
예배음악실습(1),CHM2111,1
예배음악실습(2),CHM2112,1
오르간즉흥연주법(1),CHM2201,2
오르간즉흥연주법(2),CHM2202,2
오르간제작,CHM2203,2
오르간즉흥연주법(3),CHM2206,2
오르간즉흥연주법(4),CHM2207,2
교회음악합창,CHM2653,1
합창음악분석,CHM2654,2
합창지휘클래스,CHM2655,2
바로크앙상블,CHM2663,2
통주저음,CHM2664,2
오르간클래스(1),CHM3201,3
오르간클래스(2),CHM3202,3
오르간문헌(1),CHM3203,2
오르간문헌(2),CHM3204,2
총보리딩(1),CHM3218,2
총보리딩(2),CHM3219,2
하프시코드연주법,CHM3221,3
찬송가학,CHM4201,3
예배와음악,CHM4202,3
합창지휘법,CHM4217,2
오르간부전공(1),CHM4218,2
오르간부전공(2),CHM4219,2
오르간부전공(3),CHM4220,2
오르간부전공(4),CHM4221,2
합창문헌(1),CHM4222,2
합창문헌(2),CHM4223,2
바로크음악연주법,CHM4224,3
분석화학,CHY2001,3
유기화학실험,CHY2002,2
유기화학,CHY2003,3
분석화학실험,CHY2004,1
현대물리학,CHY2005,3
화학사,CHY2006,3
전기분석화학,CHY2008,3
기기분석,CHY3001,3
무기화학실험,CHY3002,1
유기반응론,CHY3003,3
물리화학실험,CHY3004,2
양자화학,CHY3005,3
배위화학,CHY3006,3
생무기화학,CHY3007,3
무기화학,CHY3008,3
생유기화학,CHY3009,3
물리화학(1),CHY3011,3
물리화학(2),CHY3012,3
공업화학,CHY3013,3
유기합성,CHY3014,3
유기구조해석,CHY3015,3
고분자화학,CHY3016,3
재료화학,CHY3019,3
분리분석화학,CHY3021,3
생화학,CHY3022,3
과학논리및논술,CHY3026,2
화학교재연구및지도법,CHY3027,3
화학교육론,CHY3028,3
의용소재화학,CHY3029,3
MEDICI 장기 현장실습,CHY3031,9
분자분광학,CHY4002,3
의약화학,CHY4003,3
고체화학,CHY4004,3
유기금속화학,CHY4006,3
고급화학실험(1),CHY4009,3
고급화학실험(2),CHY4010,3
소재화학실험(캡스톤디자인),CHY4015,3
기업체현장실습(1),CHY4016,1
기업체현장실습(2),CHY4017,1
기업체현장실습(3),CHY4018,1
기업체현장실습(4),CHY4019,1
화학신소재LTM캡스톤디자인,CHY4020,3
INTRODUCTION TO CULTURAL STUDIES,CLC1002,3
INTRODUCTION TO LITERARY STUDIES,CLC1003,3
FILM AND LITERATURE,CLC2001,3
SURVEY OF KOREAN LITERATURE 󰎇,CLC2101,3
KOREAN AND JAPANESE LITERATURE FROM THE COLONIAL PERIOD 󰎇,CLC2102,3
CULTURAL SEMIOTICS IN EAST ASIA I,CLC2103,3
KOREAN STUDIES AND VISUAL ART 󰎇,CLC2104,3
KOREAN AMERICAN WRITERS 󰎇,CLC2105,3
THE EPIC NOVEL,CLC2106,3
IMAGINATIVE WRITING,CLC2107,3
MODERN KOREAN LITERATURE IN TRANSLATION 󰎇,CLC2108,3
POETRY IN FORMS,CLC2109,3
KOREANNESS ACROSS TIME AND SPACE,CLC2111,3
CROSS-CULTURAL INTERACTIONS,CLC2112,3
"SUSTAINABLE KOREA: HISTORY, MEMORY AND HERITAGE",CLC2114,3
MYTH AND CULTURE,CLC2401,3
REPRESENTATION OF GENDER AND RACE IN POPULAR CULTURE,CLC2402,3
EIGHTEENTH-CENTURY MODERNITY,CLC2403,3
MAJOR FICTIONS OF ASIAN WRITERS,CLC2701,3
POSTCOLONIAL LITERATURE IN ENGLISH,CLC2702,3
EXPLORING CULTURE,CLC2704,3
BRAVE NEW WORLDS: EXPLORATIONS IN SCIENCE FICTION,CLC2705,3
SURVEY OF ASIAN AMERICAN LITERATURE,CLC2706,3
READING LYRIC POETRY: FROM RENAISSANCE TO ROMANTICISM,CLC2712,3
POIESIS OF POETRY,CLC2713,3
FILM AND MUSIC (THE HISTORY OF OST),CLC2720,3
"KOREAN LITERATURE AND PERFORMANCE: POEMS, SONGS, AND K-POP",CLC2722,3
RETHINKING KOREAN NATIONAL LITERATURE AND IDENTITY 󰎇,CLC3101,3
CULTURAL SEMIOTICS IN EAST ASIA II 󰎇,CLC3102,3
KOREAN FILM STUDIES 󰎇,CLC3103,3
THE CULTURAL POLITICS OF THE 21ST CENTURY,CLC3107,3
KOREAN MODERNITY AND POPULAR CULTURE,CLC3108,3
ASPECTS OF RHETORICAL CRITICISM,CLC3109,3
CONCEPTS OF HUMAN BEING,CLC3110,3
POETRY STUDIO,CLC3112,3
MEDIEVAL CULTURE AND CONTEMPORARY FILM,CLC3401,3
RUSSIAN LITERATURE AND VISUAL ARTS,CLC3402,3
LITERATURE AND LAW,CLC3501,3
DRAMATIC WRITING,CLC3701,3
POSTCOLONIAL LITERATURE IN ENGLISH,CLC3704,3
EAST ASIAN CINEMA AND CULTURAL CROSSING,CLC3705,3
MANGA: THE ILLUMINATED TEXT,CLC3708,3
READINGS IN MEDIEVAL EUROPEAN LITERATURE,CLC3709,3
DOCUMENTARY FILMMAKING,CLC3710,3
EXPERIMENTS IN AUTOBIOGRAPHY,CLC3711,3
TOPICS IN THE COMPARATIVE PHILOSOPHY OF CULTURE,CLC3712,3
INTRODUCTION TO CONFUCIANISM,CLC3713,3
TOLKIEN'S FANTASY LITERATURE,CLC3714,3
ISSUES IN CONTEMPORARY CULTURE,CLC3715,3
TOPICS IN THE COMPARATIVE PHILOSOPHY OF NATURE,CLC3716,3
TOPICS IN THE COMPARATIVE PHILOSOPHY OF HISTORY,CLC3718,3
EUROPEAN MODERNISM,CLC3719,3
THE LITERATURE AND CULTURE OF DREAMS,CLC3720,3
LITERATURE AND FILM IN MODERN CHINA,CLC3721,3
CHINESE NARRATIVE: ARCHETYPES AND MASTERPIECES,CLC3722,3
VICTORIAN ODDBALLS: VICTORIAN LITERAUTRE IN A TRANSNATIONAL CONTEXT,CLC3724,3
METHODS AND MODES OF FICTION WRITING,CLC3725,3
ROCK MUSIC AND AMERICAN IDENTITY,CLC3728,3
ETHNIC HISTORIES AND POLITICS IN ASIAN AMERICAN NOVEL,CLC3731,3
KOREAN POPULAR MUSIC IN CONTEXT,CLC3733,3
PHILOSOPHY OF MIND,CLC3734,3
CONTEMPORARY CULTURAL THEORY,CLC4701,3
METROPOLITAN LITERATURE AND CULTURE,CLC4702,3
KOREAN DIASPORA IN LITERATURE 󰎇,CLC4703,3
SELECTED TOPICS IN EAST ASIAN CULTURAL STUDIES,CLC4704,3
"LANGUAGE, MYTH & THE CONCEPT OF CULTURE",CLC4705,3
CHRISTIANITY AND THE WESTERN CIVILIZATION,CLC4706,3
SENIOR THESIS WRITING,CLC4709,3
SEMINAR & WESTERN LITERATURE: THE LITERATURE OF THE AXIS OF EVIL,CLC4710,3
EAST ASIAN RELIGION AND CULTURE 󰎇,CLC4711,3
POPULAR CULTURE: CUTE NEW WORLD,CLC4712,3
TOPICS IN THE COMPARATIVE PHILOSOPHY OF LITERATURE,CLC4714,3
SEMINAR IN PROFESSIONAL WRITING,CLC4715,3
TRADITION AND POPULAR CULTURE IN ASIAN THEATER,CLC4719,3
HUMANITIES AND RELATED FIELDS,CLC4721,3
THEATRE INTERCULTURALISM,CLC4723,3
UT세미나,CLL2002,1
중국어학입문,CLL2101,3
중국문학입문,CLL2102,3
전공중국어연습(1),CLL2305,3
전공중국어연습(2),CLL2306,3
역대산문선독,CLL2401,3
중국역대시가선독,CLL2402,3
중국현대영상예술,CLL2601,3
중국전통극예술,CLL2602,3
중국신화의이해,CLL2603,3
중급중국어듣기,CLL3301,3
중급중국어말하기,CLL3302,3
중급중국어독해,CLL3303,3
중급중국어쓰기,CLL3304,3
시사중국어,CLL3305,3
실용중국어,CLL3306,3
비즈니스중국어,CLL3307,3
중국어실용교육어법(1),CLL3308,3
중국어실용교육어법(2),CLL3309,3
중국고대문학사,CLL3401,3
당송산문선독,CLL3402,3
중국문언소설선독,CLL3403,3
제자강독,CLL3404,3
중국소설사,CLL3405,3
중국백화소설선독,CLL3406,3
현대시선독,CLL3407,3
중국현대산문선독,CLL3408,3
중국근세문학사,CLL3409,3
당시,CLL3410,3
중국현대문학사,CLL3411,3
중국현대소설선독,CLL3412,3
중국사곡선독,CLL3413,3
경서강독,CLL3414,3
시경,CLL3415,3
초사,CLL3416,3
중국어품사론,CLL3501,3
한자학,CLL3502,3
중국어통사론,CLL3503,3
중국어음운론,CLL3504,3
현대한자론,CLL3505,3
老莊사상과중국문화,CLL3507,3
제2외국어로서의중국어교육론,CLL3601,3
중국어교육론,CLL3605,3
현대한어와한어어법(1),CLL3606,3
현대한어와한어어법(2),CLL3607,3
현대중국어음운론,CLL3608,3
성어로들어가는중국,CLL3610,3
중국신화미술의흐름,CLL3994,3
고급중국어독해,CLL4301,3
고급중국어듣기,CLL4302,3
고급중국어말하기,CLL4303,3
고급중국어쓰기,CLL4304,3
중국문학비평,CLL4402,3
중국현대문학사조,CLL4403,3
중국문학특강,CLL4405,3
중국현대작가론,CLL4406,3
중국현대문학주제,CLL4407,3
중국어학특강,CLL4501,3
중국언어학사,CLL4502,3
현대한어교학과응용(1),CLL4503,3
대조언어학과중국어교육,CLL4530,3
중국문언문법,CLL4533,3
중국문화론특강,CLL4601,3
중국어교육어법연구방법론,CLL4602,3
중국어음성학,CLL4603,3
중국희곡선독,CLL4604,3
중국어발제와토론,CLL4606,3
중국어교수법,CLL4607,3
중국어역사음운론,CLL4608,3
탈경계시대의비교문학,CML3101,3
이야기와매체,CML3103,3
동양으로서양읽기,CML3104,3
서구문학의정전,CML3105,3
전공실기(작곡),CMP1101,3
시창ㆍ청음(1),CMP1201,2
시창ㆍ청음(2),CMP1202,2
화성학(1),CMP1203,2
화성학(2),CMP1204,2
악기론(1),CMP1205,2
악기론(2),CMP1206,2
화성학(4),CMP2004,2
시창ㆍ청음(3),CMP2201,2
시창ㆍ청음(4),CMP2202,2
화성학(3),CMP2203,2
화성학(4),CMP2204,2
음악사(1),CMP2205,2
음악사(2),CMP2206,2
진로개발세미나(작곡과),CMP2294,1
음악사(3),CMP3201,2
음악사(4),CMP3202,2
형식과분석,CMP3204,3
대위법,CMP3205,3
실용음악(1),CMP3207,2
실용음악(2),CMP3208,2
뮤직테크놀로지(1),CMP3209,2
뮤직테크놀로지(2),CMP3210,2
국악개론,CMP3211,3
고급대위법,CMP3214,3
뮤직테크놀로지(3),CMP3215,2
뮤직테크놀로지(4),CMP3216,2
진로계획세미나(작곡과),CMP3217,1
현대음악분석,CMP4201,3
관현악법,CMP4204,3
현대음악문헌,CMP4205,3
음악학개론,CMP4206,2
작곡세미나,CMP4208,3
고급관현악법,CMP4209,3
의류산업과패션,CNT1101,3
주니어세미나ⓟ,CNT2001,1
UT세미나ⓟ,CNT2002,1
의류제작방법,CNT2104,3
패턴디자인의기초,CNT2105,3
의류산업유통론,CNT2106,3
서양의복식문화와역사,CNT2108,3
패션마케팅,CNT2109,3
섬유가공과신소재,CNT2111,3
평면패턴디자인,CNT2112,3
의류재료의이해,CNT2114,3
의류디자인,CNT2120,3
어패럴패턴캐드,CNT2121,3
의류재료분석및실험,CNT2122,3
패션광고및판매촉진,CNT3101,3
입체패턴설계,CNT3105,3
의복과환경,CNT3111,3
섬유제품품질평가,CNT3113,3
패션브랜드마케팅관리,CNT3114,3
동양의복식문화와역사,CNT3115,3
의류디자인및기획,CNT3116,3
패션비지니스시스템,CNT3117,3
패션산업의혁신과창업,CNT3118,3
의류생산종합설계,CNT3119,3
인간과의복행동,CNT3120,3
직물조직과설계,CNT3121,3
의류소재개발및기획,CNT3122,3
어패럴패턴디자인,CNT3124,3
테일러링,CNT3126,3
의복관리,CNT3128,3
글로벌리테일비즈니스,CNT3129,3
어패럴디자인과기능성,CNT3131,3
패션색채와의류기획,CNT3133,3
패션소재의표면디자인,CNT3135,3
유행심리와의류산업,CNT3136,3
패션산업현장업무ⓟ,CNT3137,3
패션상품과국제무역,CNT3139,3
지속가능성과의류상품디자인개발,CNT3140,3
지속가능의류비즈니스,CNT3141,3
기능성의류소재,CNT4106,3
국제의류마케팅,CNT4108,3
의류상품기획의실제와응용,CNT4110,3
럭셔리패션경영,CNT4111,3
의류제품분석,CNT4113,3
의류학현장실습,CNT4114,3
의류소비자행동분석,CNT4115,3
의복과감성과학,CNT4117,3
기능성의류설계,CNT4120,3
텍스타일산업과지식재산권,CNT4121,3
의류상품개발과의류디자인,CNT4123,3
패션기업과CEO연구,CNT4125,3
패션소비문화와소비자주의,CNT4126,3
직물의염색,CNT4127,3
인지과학입문,COG3101,3
언론학개론,COM1101,3
언론학연구방법론,COM2101,3
스피치소통론(구 현대화법),COM2104,3
광고의이해,COM2105,3
커뮤니케이션테크놀로지의이해,COM2106,3
대중문화론,COM2107,3
방송의이해,COM2109,3
영상제작실습,COM2110,3
영상제작이론,COM2111,3
미디어글쓰기기초,COM2113,3
미디어와사회,COM2117,3
시사논술작성실습,COM2120,3
미디어산업론,COM2122,3
커뮤니케이션디자인워크샾,COM2123,3
진로계획세미나,COM3005,1
고급영상제작,COM3101,3
국제커뮤니케이션,COM3103,3
다큐멘터리제작,COM3105,3
대인관계와커뮤니케이션,COM3106,3
미디어법제론,COM3110,3
미디어와사회변동,COM3112,3
미디어윤리,COM3113,3
설득커뮤니케이션론,COM3117,3
저널리즘의이해 (구 뉴스의사회학),COM3120,3
커뮤니케이션과통계,COM3124,3
정치커뮤니케이션,COM3125,3
조직커뮤니케이션,COM3126,3
P.R론,COM3128,3
탐사보도,COM3130,3
저널리즘실습,COM3131,3
한국영화와문화연구,COM3133,3
미디어심리학,COM3134,3
영화예술의이해,COM3137,3
미디어와여론,COM3139,3
인터렉티브스토리텔링,COM3140,3
"Media, Art and Society",COM3141,3
소비자분석론,COM3143,3
고급PR론,COM3144,3
P.R사례분석,COM3145,3
디지털마케팅,COM3146,3
위험사회와커뮤니케이션,COM3148,3
미디어편성과수용자,COM3149,3
헬스커뮤니케이션,COM3154,3
게임디자인과문화,COM3155,3
인터페이스디자인,COM3156,3
방송컨텐츠구성론,COM3159,3
한국영화사,COM3163,3
데이터언론학,COM3164,3
실전취재보도,COM3165,3
PR과미디어리터러시,COM3166,3
미디어제작현장워크숍ⓟ,COM3168,3
전략커뮤니케이션관계구축,COM3169,3
저널리즘의지평,COM3170,3
저널리즘실습:고급과정,COM3172,3
언론학의 최근동향,COM3173,3
"AI, DATA & DEMOCRACY",COM3174,3
빅데이터와 사회,COM3176,3
디지털 저널리즘 실습,COM3177,3
디지털미디어와 크리에이터,COM3178,3
온라인저널리즘,COM3179,3
광고와미디어테크놀로지,COM3180,3
언론의자유,COM3181,3
뉴미디어영상제작실습,COM3182,3
OTT콘텐츠기획및제작,COM3183,3
커뮤니케이션기반서비스기획,COM3184,3
메타버스·AI 미디어 제작실습,COM3185,3
플랫폼편성,COM3186,3
언론학고전강독,COM3187,3
사이버커뮤니케이션,COM4109,3
텔레커뮤니케이션론,COM4112,3
PR기획실습,COM4113,3
방송저널리즘의이해,COM4114,3
마케팅커뮤니케이션캠페인,COM4115,3
미디어플래닝,COM4116,3
"소통능력구 ( , 커뮤니케이션능력개발)",COM4200,3
온라인미디어분석,COM4202,3
디지털미디어스타트업,COM4203,3
인공지능프로그래밍입문,COM4205,3
커뮤니케이션텍스트마이닝,COM4206,3
위기관리론,COM4207,3
뉴미디어와저널리즘,COM4209,3
인간-컴퓨터상호작용의이해,COM4211,3
중국언론과정치사회,COM4212,3
공중캠페인:이론과실습,COM4214,3
R과커뮤니케이션자료분석,COM4215,3
휴먼커뮤니케이션,COM4216,3
인공지능과커뮤니케이션,COM4217,3
저널리즘스피치실습,COM4303,3
도시계획,CRP2300,3
교통계획,CRP2320,3
환경계획,CRP2340,3
국토및지역계획,CRP2350,3
교통공학,CRP2620,3
도시형태및역사,CRP2630,3
토지이용계획및설계,CRP2730,3
공공공간계획및설계,CRP2731,3
기초확률및통계,CRP2742,3
도시학개론,CRP2743,3
도시계획을위한표현기법,CRP2745,3
스마트도시대중교통,CRP3000,3
도시공학종합설계,CRP3102,3
주거단지계획및설계,CRP3430,3
도시및지역경제,CRP3610,3
커뮤니티재생계획및설계,CRP3630,3
도시연구방법,CRP3650,3
스마트시티계획,CRP3710,3
테마형산업문화단지계획및설계,CRP3730,3
토지및주택정책,CRP3750,3
도시공간정보분석,CRP3760,3
도시모빌리티분석및계획,CRP3770,3
도시계획및환경관리법,CRP3780,3
부동산개발분석,CRP3790,3
도시안전및방재계획,CRP3792,3
도시성장관리,CRP4710,3
도시설계개발금융정책분석,CRP4730,3
미래형도시설계방법및기법,CRP4731,3
도시환경평가,CRP4750,3
미래모빌리티,CRP4760,3
모빌리티데이터마이닝,CRP4780,3
도시설계개론,CRP4870,3
컴퓨터과학입문,CSI2106,3
컴퓨터그래픽스,CSI4105,3
INTRODUCTION TO MANAGEMENT,CTM1001,3
IT FOUNDATION,CTM1002,3
COMPUTER PROGRAMMING AND LITERACY,CTM1004,3
INFORMATION SYSTEMS MANAGEMENT,CTM2002,3
STRATEGY FOR CREATIVE TECHNOLOGY BUSINESS,CTM2003,3
UX DESIGN AND STRATEGIC MANAGEMENT,CTM2005,3
ATTRACTING INVESTMENT FOR AN ENTREPRENEURIAL VENTURE,CTM2009,3
SOCIAL NETWORK ANALYSIS,CTM2011,3
STRATEGIC MARKETING IN CREATIVE INDUSTRY,CTM2012,3
DATA SCIENCE FOR BUSINESS,CTM2014,3
FINANCIAL ACCOUNTING FOR TECHNOLOGY VENTURE FIRMS,CTM2015,3
STATISTICS FOR BUSINESS AND SUSTAINABILITY,CTM2016,3
FINANCIAL MANAGEMENT FOR TECHNOLOGY VENTURE FIRMS,CTM2017,3
MANAGERIAL ACCOUNTING FOR TECHNOLOGY VENTURE FIRMS,CTM2018,3
CULTURE TECHNOLOGY,CTM2020,3
BUSINESS MODELS IN CREATIVE TECHNOLOGY INDUSTRY,CTM3001,3
INFORMATION SECURITY AND PRIVACY,CTM3006,3
PROJECT MANAGEMENT IN CREATIVE INDUSTRY,CTM3007,3
MEDIA ENTERTAINMENT INDUSTRY AND POLICY,CTM3010,3
DIGITAL BUSINESS STRATEGY,CTM3011,3
BUSINESS STRATEGY AND DATA ANALYTICS,CTM3012,3
ECONOMICS OF TECHNOLOGICAL INNOVATION,CTM3013,3
SERVICE SYSTEM MANAGEMENT,CTM3014,3
TECHNOVATION: TECHNOLOGY AND INNOVATION MANAGEMENT,CTM3015,3
DIGITAL SOCIAL MEDIA,CTM3016,3
IT BUSINESS MODEL ANALYSIS & DEVELOPMENT,CTM3017,3
ENTREPRENEURSHIP AND INNOVATION POLICY,CTM3018,3
TOOLS AND TECHNIQUES FOR TECHNOLOGY MANAGEMENT,CTM3019,3
NETWORK SCIENCE FOR CREATIVE INDUSTRY,CTM3020,3
OPERATIONS RESEARCH AND MANAGEMENT SCIENCE,CTM3021,3
MUSIC INFORMATION RETRIEVAL,CTM3022,3
INTERNATIONAL MARKETING,CTM3024,3
HUMAN RESOURCE MANAGEMENT FOR TECHNOLOGY BUSINESS,CTM3025,3
UNDERGRADUATE DIRECTED STUDY,CTM4001,3
TECHNOLOGY-SERVICE CONVERGENCE MANAGEMENT,CTM4004,3
CREATIVE TECHNOLOGY FOR SOCIAL INNOVATION,CTM4005,3
문화학의기본이론,CUL3101,3
대중문화비평,CUL4101,3
화공생명공학입문,DAA1001,3
화공수학,DAA2130,3
생화학입문,DAA2140,3
화공기초실험,DAA2210,3
화공실험(2),DAA2220,3
화공실험(3),DAA2230,3
공업분석화학,DAA2240,3
화공컴퓨터모델링,DAA2241,3
공업물리화학(1),DAA3210,3
공업물리화학(2),DAA3220,3
화공양론,DAA3230,3
화공열역학(1),DAA3250,3
고분자화학,DAA3650,3
열전달,DAA3660,3
에너지공학,DAA3670,3
환경공학,DAA3690,3
생물화학공학,DAA3700,3
공정제어,DAA3720,3
재료공정공학,DAA3740,3
분리정제공정,DAA3750,3
반도체공정개론,DAA3780,3
촉매공학,DAA3790,3
전기화학공학,DAA3800,3
생체재료공학,DAA3810,3
코스메틱개론,DAA3820,3
양자화학공학,DAA3830,3
무기재료공학,DAA3853,3
분자및세포생물학,DAA3854,3
화공생명공학과졸업논문연구,DAA3860,3
공업유기화학(1),DAA3870,3
공업유기화학(2),DAA3880,3
화공유체역학,DAA4300,3
반응공학,DAA4310,3
화공열역학(2),DAA4320,3
물질이동론,DAA4330,3
화공종합설계,DAA4370,3
AI-머신러닝과화공소재,DAA4401,3
치과생체재료학,DEN1104,1
병리학,DEN1107,3
미생물학,DEN1108,3
면역학,DEN1109,2
약리학,DEN1111,4
생리학,DEN1112,4
구강생화학,DEN1113,2
선택과목 P/NP,DEN1116,3
영상치의학입문,DEN1203,2
예방치과학I,DEN1204,1
두개악안면의성장과발육,DEN1205,1.5
구강조직학,DEN1207,1
신경해부학,DEN1209,1
수복학 I,DEN1301,3
치아및치주질환I,DEN1303,1.5
고정성보철학I,DEN1304,2
구강악안면질환,DEN1306,4.5
치수치료 I,DEN1307,0.5
치아및치주질환II,DEN1308,2
무치악보철치료학 I,DEN1309,2
고정성보철학 II,DEN1310,3
예방치과학 II,DEN1311,2
채플 I ⓟ,DEN1501,0.5
채플 II ⓟ,DEN1502,0.5
소아치과학,DEN2102,3
가철성국소의치학I,DEN2105,3
고정성보철학 III,DEN2107,2
치수치료 II,DEN2108,2
가철성국소의치학 II,DEN2109,3
무치악보철치료학II,DEN2110,2
치주치료,DEN2111,3
부정교합의진단및치료 I,DEN2112,1
구강악안면외과학 I,DEN2113,3
임상충전학실습,DEN2114,0.5
국소마취학,DEN2115,0.5
감염관리학,DEN2116,0.5
고정성보철학 IV,DEN2117,1
법의치과학,DEN2118,1
악안면성장발육과부정교합의이해,DEN2119,2
부정교합의진단및치료 II,DEN2120,2
구강악안면외상학,DEN2121,1
구강악안면외과학II,DEN2122,4
전신마취와불안및통증조절,DEN2123,0.5
전신질환과치과치료,DEN2124,2
연구설계,DEN2125,0.5
교합학,DEN2204,1
수복학 II,DEN2222,2
공중구강보건학,DEN2301,1
구강악안면통증학,DEN3102,2
노인치과학,DEN3107,1
행동치과학,DEN3108,0.5
치과임플란트학,DEN3111,1.5
임상교정학실습I,DEN3116,2
임상구강내과학실습 I,DEN3117,2
임상영상치의학실습I,DEN3118,2
임상구강악안면외과학실습I,DEN3119,2
임상가철성국소의치학실습I,DEN3121,1.5
임상고정성보철학실습I,DEN3122,1.5
임상무치악보철치료학실습I,DEN3123,1.5
임상소아치과학실습I,DEN3124,2
임상치주학실습I,DEN3125,2
치과의료발전의비판적이해,DEN3131,1
치의학의사소통,DEN3133,1
포괄치과진료학I,DEN3135,1.5
치과응급처치학I,DEN3136,0.5
치과응급처치학II,DEN3137,1
부정교합의진단및치료Ⅲ,DEN3138,1
임상수복학실습I,DEN3139,1.5
임상근관치료학실습I,DEN3140,1.5
구강악안면외과학Ⅲ,DEN3230,2
포괄치과진료학Ⅱ,DEN3231,3
장애인치과학,DEN3235,0.5
임상치의학실습Ⅰ,DEN3237,1.5
임상치의학실습Ⅱ,DEN3238,0.5
치과의료윤리학,DEN3301,1
영상치의학 진단 및 활용,DEN3404,1
임상교정학,DEN4101,0.5
임상구강내과학,DEN4102,0.5
임상치주학,DEN4103,0.5
임상구강악안면외과학,DEN4104,0.5
임상수복학,DEN4105,0.5
임상근관치료학,DEN4106,0.5
임상무치악보철치료학,DEN4107,0.5
임상가철성국소의치학,DEN4108,0.5
임상고정성보철학,DEN4109,0.5
임상소아치과학,DEN4110,0.5
치과의료경영,DEN4111,0.5
임상교정학실습II,DEN4116,1.5
임상구강내과학실습II,DEN4117,1.5
임상영상치의학실습II,DEN4118,1.5
임상구강악안면외과학실습II,DEN4119,1.5
임상가철성국소의치학실습II,DEN4121,1
임상무치악보철치료학실습II,DEN4122,1
임상고정성보철학실습Ⅱ,DEN4123,1
임상소아치과학실습II,DEN4124,1.5
임상치주학실습II,DEN4125,1.5
치의학종합평가,DEN4126,1
임상구강병리학,DEN4127,0.5
포괄치과진료학III,DEN4134,3
임상실기 결과평가,DEN4135,0.5
임상수복학실습II,DEN4136,1.5
임상근관치료학실습II,DEN4137,1.5
임상치의학실습Ⅲ,DEN4138,1
임상치의학실습Ⅳ,DEN4139,1
보건의료관련법,DEN4140,1
포괄치과진료학Ⅳ,DEN4231,3
임상살기 과정평가,DEN4232,2
유니버설디자인실습캡 ( 스톤디자인),DES3001,3
디지털크래프트,DES3002,3
지속가능디자인,DES3003,3
융합디자인워크샵(캡스톤디자인),DES3004,3
헬스케어디자인,DES3005,3
문화콘텐츠디자인(캡스톤디자인),DES3006,3
디지털헬스케어입문,DHC2001,3
헬스케어계측의이해,DHC2002,3
보건의료통계,DHC2003,3
헬스케어계측시스템,DHC2004,3
질병분류와이해,DHC2005,3
해부생리학,DHC2006,3
의학개론,DHC2007,3
병원정보소프트웨어,DHC3001,3
바이오컴퓨팅,DHC3003,3
헬스케어표준프로그래밍,DHC3004,3
헬스케어임베디드시스템,DHC3005,3
시스템역학,DHC3006,3
디지털헬스케어웨어러블기술,DHC3007,3
인공지능수학,DHC3008,3
헬스케어응용SW,DHC4001,3
의료빅데이터분석,DHC4002,3
의료영상데이터분석,DHC4003,3
산학공동프로젝트,DHC4004,2
융합캡스톤디자인,DHC4005,2
의료인공지능,DHC4006,3
학부연구(1),DHC4007,2
학부연구(2),DHC4008,2
헬스케어인포매틱스응용,DHC4009,3
헬스케어생체역학,DHC4010,3
감각과논리,DIA2006,3
디지털언어,DIA2007,3
디지털영상,DIA3006,3
피지컬컴퓨팅,DIA3008,3
뉴미디어기획,DIA3009,3
인터랙티브워크샵,DIA3010,3
DVA기초,DIA3011,3
DVA심화,DIA3012,3
디자인바이스트럭쳐,DIA3013,3
라이팅디자인,DIA3014,3
키네틱아트,DIA3016,3
예술과뉴미디어,DIA3017,3
토이디자인,DIA3018,3
미디어시스템디자인,DIA3019,3
볼륨메트릭디스플레이,DIA3020,3
파라메트릭디자인,DIA3021,3
믹스드리얼리티,DIA3022,3
제너러티브아트,DIA3023,3
디지털아트프로젝트,DIA4001,3
졸업작품연구1,DIA4002,3
졸업작품연구2,DIA4003,3
디스플레이공학기초,DIT1101,3
현대물리학기초,DIT1201,3
기초회로이론,DIT2010,3
전자회로1,DIT2050,3
물리화학,DIT2103,3
전기전자기초실험1,DIT2104,3
디스플레이공학개론,DIT2105,3
기초현대물리학,DIT2106,3
물리전자,DIT2210,3
재료열역학(1),DIT2230,3
디지털디스플레이실험,DIT3101,3
전자기학,DIT3102,3
반도체소자,DIT3103,3
디스플레이기술탐구,DIT3104,3
광전자소자,DIT3201,3
광학,DIT3202,3
나노소자기술,DIT3203,3
OLED소재및공학,DIT3204,3
디스플레이구동회로,DIT3205,3
종합설계,DIT4101,3
인턴십,DIT4102,3
TFT공학,DIT4103,3
유기반도체소자,DIT4104,3
백플레인실험,DIT4105,3
프론트플레인실험,DIT4106,3
기술특강,DIT4201,3
증강현실시스템,DIT4202,3
나노반도체공정,DIT4203,3
모듈패키지실험,DIT4204,3
TCAD시뮬레이션실험,DIT4205,3
UT세미나,DSN2002,1
관찰과표현,DSN2102,3
통합디자인개론,DSN2103,3
디자인트렌드,DSN2104,3
빛과색재디자인,DSN2106,3
패션일러스트레이션,DSN2110,3
디자인재료와조형,DSN2120,3
패션소재와디자인,DSN2121,3
디자인미학,DSN3106,3
디자인현장실습,DSN3107,3
인포메이션디자인,DSN3108,3
인터랙티브미디어디자인,DSN3110,3
제품디자인기초,DSN3111,3
패션디자인과제작기법,DSN3113,3
한국의미와디자인,DSN3118,3
현대디자인사,DSN3119,3
타이포그래피디자인,DSN3120,3
디자인리서치,DSN3121,3
인터랙션디자인,DSN3122,3
제품디자인프로세스,DSN3123,3
광고디자인,DSN3124,3
2D디지털디자인,DSN3126,3
3D디지털디자인,DSN3127,3
커뮤니케이션디자인기초,DSN3128,3
사용자경험과인터페이스디자인,DSN3134,3
DESIGN FOR SUSTAINABILITY,DSN3135,3
데이터기반통합디자인리서치,DSN3137,3
제품디자인스튜디오,DSN3138,3
디지털패션커뮤니케이션,DSN3139,3
디지털패션디자인,DSN4104,3
브랜드디자인,DSN4106,3
패션디자인,DSN4109,3
시스템씽킹과디자인,DSN4116,3
통합디자인프로젝트,DSN4117,3
비주얼머천다이징,DSN4119,3
디자인비즈니스,DSN4120,3
커뮤니케이션디자인,DSN4121,3
디자인엑스1,DSN4122,3
디자인엑스2,DSN4123,3
디자인엑스3,DSN4124,3
스페큘레이티브디자인,DSN4125,2
프로페셔널프랙티스,DSN4127,3
동아시아학입문,EAS3103,3
국민경제의이해,ECN1003,3
미시경제학,ECN2001,3
거시경제학,ECN2002,3
수리경제학,ECN2004,3
통계학,ECN2005,3
경제윤리,ECN2007,3
사회과학도를위한수학,ECN2010,3
재무회계원리,ECN2012,3
게임이론,ECN3001,3
산업조직론,ECN3002,3
산업사례연구,ECN3003,3
기술혁신과경제,ECN3004,3
기업규제와경쟁정책,ECN3005,3
경제발전론,ECN3006,3
경제정책,ECN3007,3
제도경제이론,ECN3008,3
국제경제학,ECN3009,3
국제금융론,ECN3010,3
국제통상과협상,ECN3011,3
국제통상연습,ECN3012,3
공기업경제학,ECN3013,3
공공경제학,ECN3014,3
공공경제정책,ECN3015,3
노동경제학,ECN3016,3
노사관계론,ECN3017,3
지역경제론,ECN3018,3
지리정보와공간경제,ECN3019,3
금융과경제,ECN3020,3
금융경제정책,ECN3021,3
금융경제실습,ECN3022,3
정보경제학,ECN3023,3
법과경제,ECN3024,3
교육과경제,ECN3025,3
한국경제론,ECN3026,3
현대경제특수이론,ECN3027,3
환경과경제,ECN3028,3
복지경제학,ECN3029,3
자원경제학,ECN3030,3
경제학세미나,ECN3031,3
원서강독,ECN3032,3
통합사회,ECN3034,3
역사,ECN3035,3
지리,ECN3036,3
지식경제학,ECN3037,3
시장경제의원리,ECN3038,3
동아시아경제성장론,ECN3039,3
해외산업조사연구,ECN3040,3
경제학의쟁점,ECN3041,3
(통합)사회논리및논술,ECN3042,2
일반사회교육론,ECN3044,3
보건경제학,ECN3045,3
산업인턴십(1),ECN3046,1
산업인턴십(2),ECN3047,1
산업인턴십(3),ECN3048,1
산업인턴십(4),ECN3049,1
의료산업금융,ECN3050,3
금융투자론,ECN3051,3
경제예측론,ECN3052,3
보험금융이론,ECN3053,3
파생상품이론,ECN3054,3
포트폴리오위험관리,ECN3055,3
금융계량기초,ECN3056,3
경제금융법,ECN3057,3
금융리스크관리,ECN3058,3
대안투자상품분석론,ECN3059,3
부동산금융론,ECN3060,3
비용편익분석론,ECN3061,3
자산운용론,ECN3062,3
재무제표분석,ECN3063,3
전략경제학,ECN3064,3
주식투자분석론,ECN3065,3
채권투자분석론,ECN3066,3
MEDICI 장기 현장실습,ECN3067,9
글로벌직무실습,ECN3072,3
공기업과사기업의혁신과가치창조,ECN3073,3
경제와기업경영,ECN3074,3
공공기관NCS의이해,ECN3075,3
국가마케팅,ECN3076,3
YGENT장기현장실습,ECN3077,9
응용거시경제학,ECN3078,3
응용미시경제학,ECN3079,3
경제사개설,ECN3080,3
부동산경제론,ECN3081,3
파이썬을활용한글로벌자산운용,ECN3082,3
설문조사설계와데이터분석,ECN3083,3
행동경제학입문,ECN3084,3
비즈니스프로그래밍,ECN3085,3
핀테크개론,ECN3086,3
글로벌리더십,ECN3087,2
조세정책,ECN3088,3
거시경제정책,ECN3089,3
금융데이터분석,ECN3090,3
NCS준비(1),ECN3091,3
NCS준비(2),ECN3092,3
ESG투자와지배구조리스크,ECN3093,3
계량경제학,ECN4002,3
계량경제학실습,ECN4003,3
재무경제학,ECN4004,3
금융공학의이해,ECN4006,3
한국의산업조직,ECN4007,3
아시아금융론,ECN4008,3
창업경제학,ECN4009,3
동아시아비교경제체제론,ECN4010,3
실험경제학,ECN4011,3
산업전략분석론(캡스톤디자인),ECN4012,3
해외봉사및연구,ECN4013,3
금융시계열분석,ECN4014,3
해외학술조사연구,ECN4015,3
SODO학부연구(1),ECN4016,2
SODO학부연구(2),ECN4017,2
근대경제사,ECN4018,3
INTRODUCTION TO ECONOMICS,ECO1001,3
경제수학(1),ECO1101,3
MATHEMATICS FOR ECONOMICS II,ECO1102,3
미시경제원론,ECO1103,3
거시경제원론,ECO1104,3
주니어세미나ⓟ,ECO2001,1
거시경제학,ECO2101,3
MICROECONOMICS,ECO2102,3
경제사개설,ECO2103,3
KOREAN ECONOMIC HISTORY,ECO2109,3
시장경제의이해,ECO2112,3
국민경제론,ECO2113,3
경제수학(2),ECO2114,3
경제성장이론,ECO3000,3
게임이론과응용,ECO3101,3
경기변동과경기예측,ECO3102,3
경제발전론,ECO3103,3
계량경제학(1),ECO3104,3
금융경제학,ECO3105,3
노동경제학,ECO3106,3
AGRICULTURAL ECONOMICS,ECO3107,3
수리경제학,ECO3108,3
자원및환경경제학,ECO3109,3
재정학,ECO3110,3
도시와부동산경제학이론,ECO3111,3
한국경제론,ECO3112,3
인구경제학,ECO3113,3
후생경제학,ECO3114,3
인적자원관리경제학,ECO3115,3
경제정책,ECO3116,3
CONTEMPORARY ECONOMIC THEORY,ECO3117,3
금융리스크측정과관리,ECO3118,3
금융공학의이해(1),ECO3119,3
금융공학의이해(2),ECO3120,3
경제학설사개설(2),ECO3121,3
MATHEMATICS FOR FINANCE,ECO3122,3
계약및조직이론,ECO3123,3
E-BUSINESS ECONOMICS,ECO3124,3
법경제학,ECO3127,3
금융계량경제학,ECO3128,3
국제금융론,ECO3130,3
국제무역론,ECO3131,3
근대경제사,ECO3132,3
산업조직론,ECO3133,3
MONEY AND BANKING,ECO3134,3
환경과에너지경제,ECO3137,3
PERSONNEL ECONOMICS,ECO3138,3
의료경제학,ECO3140,3
소득분배론,ECO3150,3
시장경제와세계화,ECO3160,3
무역과국제계약,ECO3161,3
경제학설사개설(1),ECO3162,3
금융과경제데이터,ECO3165,3
"문화,경제와지식재산권",ECO3166,3
경제학코딩(1),ECO3200,3
도시와부동산경제데이터분석,ECO3230,3
뉴스미디어경제학,ECO3300,3
ECONOMIC PLANNING,ECO4102,3
경제동학,ECO4103,3
계량경제학(2),ECO4104,3
MARXIAN POLITICAL ECONOMY,ECO4105,3
비교경제제도론,ECO4107,3
SOCIAL SECURITY AND WELFARE POLICY,ECO4108,3
정치및공공경제,ECO4110,3
EXPERIMENTAL AND BEHAVIORAL ECONOMICS,ECO4111,3
거시경제동학,ECO4113,3
금융자산투자의이해,ECO4114,3
CORPORATE FINANCE AND ECONOMICS,ECO4115,3
산업과전략,ECO4116,3
시장경제포럼,ECO4117,3
경제학비판,ECO4119,3
아시아경제공동체론,ECO4120,3
개발경제특수문제,ECO4122,3
시장설계,ECO4124,3
거시경제학의수량분석,ECO4125,3
인공지능과금융공학,ECO4126,3
정보및게임이론,ECO4300,3
응용계량거시경제학,ECO4861,3
ANALYSIS OF INTERNATIONAL FINANCIAL MARKET,ECO4862,3
한국경제사,ECO4863,3
글로벌경제와미래,ECO4864,3
REAL ESTATE FINANCE AND ECONOMICS,ECO4865,3
행동경제학,ECO4866,3
응용계량미시경제학,ECO4867,3
미래를위한교육학,EDU2002,3
교육경제학개론,EDU2103,3
교육과정의원리,EDU2105,3
교육통계의이해,EDU2106,3
교육사회학,EDU2107,3
교육심리학,EDU2108,3
ICT활용교육,EDU2109,3
교육리더십,EDU2110,3
교육철학,EDU2111,3
교육학고전강독,EDU2112,3
교육행정입문,EDU2113,3
심리학개론,EDU2114,3
사고와창의성,EDU2115,3
인적자원개발론,EDU2116,3
정신건강,EDU2117,3
교육측정과검사이론,EDU2122,3
교수학습자료개발,EDU2124,3
서양교육사,EDU2125,3
교육학교육론,EDU2127,3
사교육시장분석,EDU2128,3
교육조사방법론,EDU2130,3
미래교육과교육공학,EDU2131,3
상담심리기초,EDU2133,3
교육과경영,EDU2134,3
학습공학,EDU2136,3
AI기반교육프로그램개발,EDU2137,3
개인차와교육,EDU3101,3
고등교육론,EDU3102,3
교수방법론,EDU3103,3
교수학습이론,EDU3104,3
교육경제학,EDU3105,3
교육과일의세계,EDU3106,3
교육사상사,EDU3107,3
교육행정의이론과실제,EDU3110,3
비교교육학,EDU3112,3
상담과생활지도,EDU3113,3
원격교육활용론,EDU3115,3
인간관계이론과실제,EDU3116,3
한국교육사,EDU3119,3
청소년교육론,EDU3120,3
평생교육론,EDU3122,3
포스트모던의 성인교육학,EDU3123,3
교육정책,EDU3124,3
한국문화와 교육,EDU3125,3
현대교육사조,EDU3126,3
교육재정론,EDU3127,3
성격심리학,EDU3128,3
기업교육론,EDU3129,3
동양사상과교육,EDU3130,3
인간발달과교육,EDU3131,3
프로그램평가방법,EDU3132,3
교육평가론,EDU3133,3
교육과법,EDU3135,3
교육의인류학적탐구,EDU3136,3
교육의비교문화적이해,EDU3137,3
교육현장연구방법입문,EDU3138,3
멀티미디어활용교육,EDU3139,3
교육학교재연구및지도법,EDU3143,3
교육학논리및논술교육,EDU3144,3
영재성과창의성,EDU3150,3
교재연구및지도법,EDU3154,3
여성교육의경제학,EDU3155,3
교육경영학원론,EDU3166,3
교육통계적방법,EDU3167,3
세계화와교육환경,EDU3168,3
고등교육의이해와탐구,EDU3169,3
교육과정개발,EDU4103,3
교육사회학이론과사상,EDU4104,3
특수교육학개론,EDU4106,3
교육연구방법론,EDU4108,3
교육행정문제세미나,EDU4113,3
교육프로그램개발,EDU4114,3
산업교육실제,EDU4117,3
상담심리세미나,EDU4118,3
진로상담의이론과실제,EDU4119,3
여성교육과가족경제,EDU4120,3
국제이해교육,EDU4121,3
세계시민의식과국제이해교육,EDU4122,3
한국교육문제세미나,EDU4123,3
HRD와성인교육,EDU4124,3
창의성과교육,EDU4125,3
마음교육론,EDU4127,3
기업교육공학의실제,EDU4129,3
인력개발인턴십,EDU4130,3
노인교육론,EDU4131,1
성인교육방법론,EDU4132,3
기업교육세미나,EDU4133,3
교수설계의원리와실제,EDU4134,3
다문화사회의교육,EDU4135,3
학습과학,EDU4138,3
집단상담실제,EDU4139,3
고등교육과인재개발,EDU4140,3
한국고등교육의이해와탐구,EDU4141,3
기초회로이론,EEE2010,3
데이터구조,EEE2020,3
전자기학(1),EEE2030,3
디지털논리회로,EEE2040,3
전자회로(1),EEE2050,3
신호및시스템,EEE2060,3
기초아날로그실험,EEE2111,3
기초전기전자재료공학,EEE2112,3
전기전자공학101,EEE2113,3
마이크로파공학,EEE3120,3
광전자공학,EEE3150,3
물리전자,EEE3210,3
반도체물성,EEE3220,3
전기전자재료,EEE3240,3
제어공학,EEE3310,3
기초디지털실험,EEE3313,3
기초인공지능,EEE3314,3
전기전자선형대수,EEE3315,3
전력전자,EEE3350,3
확률과랜덤변수,EEE3410,3
통신이론,EEE3430,3
통신시스템,EEE3440,3
통신네트워크,EEE3450,3
전자회로(2),EEE3510,3
디지털전자회로,EEE3511,3
컴퓨터구조,EEE3530,3
운영체제론,EEE3535,3
마이크로프로세서,EEE3540,3
전자기학(2),EEE3543,3
시스템반도체설계,EEE3544,3
기초컴퓨터비전,EEE3545,3
전기전자공학수학,EEE3547,3
바이오전기전자기초,EEE3548,3
지능형시스템설계및응용,EEE3551,3
지능제어,EEE4110,3
무선통신시스템,EEE4120,3
안테나공학,EEE4140,3
디지털제어공학,EEE4320,3
전력공학,EEE4340,3
전기기기,EEE4350,3
디지털신호처리,EEE4420,3
딥러닝실험,EEE4423,3
통신실험,EEE4424,3
영상처리및응용,EEE4430,3
임베디드시스템실험,EEE4473,3
네트워크실험,EEE4474,3
마이크로파및광파실험,EEE4475,3
전력공학실험,EEE4476,3
전자회로실험,EEE4548,3
바이오전기전자실험,EEE4549,3
전기전자종합설계ⓟ,EEE4610,3
반도체디스플레이실험,EEE4621,3
무선및이동네트워크,EEE4624,3
반도체종합설계ⓟ,EEE4625,3
The Bible and Christianity,EIC1001,3
English Writing Tutorial I,EIC1002,3
English Writing Tutorial II,EIC1003,3
"Language Skills (for non-Koreans) 1-1, 1-2",EIC1004,3
Asian History,EIC1020,3
Asian Literature,EIC1024,3
Quantitative method,EIC1030,3
Introduction to Politics,EIC1035,3
Introduction to Economics,EIC1037,3
EAST ASIAN POLITICAL SYSTEMS,EIC3001,3
EAST ASIAN INTERNATIONAL RELATIONS,EIC3002,3
EAST ASIAN ECONOMIC SYSTEMS,EIC3003,3
BUSINESS MANAGEMENT IN EAST ASIA,EIC3004,3
SOCIETY AND CULTURE OF EAST ASIA,EIC3005,3
TECHNOLOGY AND SOCIAL CHANGE,EIC3006,3
GLOBAL ENVIRONMENTAL CHANGE,EIC3007,3
QUANTITATIVE METHODS(2),EIC3008,3
EAST ASIA FIELD RESEARCH,EIC3011,1
COMPARATIVE POLITICS & AREA STUDIES,EIC3101,3
INTERNATIONAL POLITICAL ECONOMY,EIC3102,3
GLOBALIZATION AND EAST ASIA,EIC3103,3
INTERNATIONAL ORGANIZATION,EIC3104,3
INTERNATIONAL LAW,EIC3105,3
CONTEMPORARY ISSUES IN EAST ASIAN CULTURES,EIC3106,3
WOMEN AND GENDER IN ASIA,EIC3107,3
DESIGN ESTHETICS OF EAST ASIAN CULTURE,EIC3108,3
COMPARATIVE STUDY OF EAST ASIAN CINEMA†,EIC3109,3
CHINESE POLITICS AND ECONOMY,EIC3110,3
CULTURE AND SOCIETY IN CHINA,EIC3111,3
CHINESE FOREIGN POLICY,EIC3112,3
JAPANESE POLITICS†,EIC3113,3
CULTURE AND SOCIETY IN JAPAN,EIC3114,3
INTER-KOREAN RELATIONS,EIC3115,3
RUSSIA AND EAST ASIA IN 21ST CENTURY,EIC3116,3
US POLITICS,EIC3117,3
US-EAST ASIA RELATIONS,EIC3118,3
SOUTHEAST ASIAN POLITICS AND SOCIETY,EIC3119,3
EUROPEAN UNION AND EAST ASIA IN 21ST CENTURY,EIC3120,3
UNDERSTANDING THE POLITICAL WORLD†,EIC3121,3
CONCEPTS AND CASES OF GLOBALIZATION†,EIC3122,3
PUBLIC ADMINISTRATION IN A GLOBAL AGE†,EIC3123,3
PUBLIC ADMINISTRATION IN ASIA†,EIC3124,3
SOCIAL-POLITICAL PHILOSOPHY†,EIC3125,3
KOREAN GOVERNMENT AND POLITICS†,EIC3126,3
EAST ASIAN COOPERATION†,EIC3127,3
EUROPEAN POLITICAL ECONOMY†,EIC3128,3
CONTEMPORARY EUROPEAN STUDIES†,EIC3129,3
"WAR, PEACEBUILDING, AND RECONSTRUCTION†",EIC3130,3
HISTORY OF KOREAN CIVILIZATION†,EIC3131,3
"MULTI-CULTURALISM, GENDER AND DEVELOPMENT†",EIC3132,3
"LEADERSHIP, NGOS, AND COMMUNITY DEVELOPMENT†",EIC3133,3
HISTORY OF INTERNATIONAL DEVELOPMENT AND THE PRACTICAL VIEW†,EIC3134,3
EAST ASIAN SECURITY AND INTERNATIONAL POLITICS,EIC3135,3
KOREAN POPULAR CULTURE AND MEDIA,EIC3136,3
MICROECONOMICS,EIC3201,3
MACROECONOMICS,EIC3202,3
INTERNATIONAL ECONOMICS,EIC3203,3
KOREAN ECONOMY AND BUSINESS,EIC3204,3
JAPANESE ECONOMY AND BUSINESS,EIC3206,3
RUSSIAN ECONOMY AND BUSINESS,EIC3207,3
EU-EAST ASIA ECONOMIC RELATIONS,EIC3208,3
SOUTHEAST ASIAN ECONOMIES,EIC3209,3
TRANSNATIONAL ECONOMIC ORGANIZATIONS IN ASIA,EIC3210,3
BUSINESS ETHICS,EIC3211,3
MARKETING STRATEGIES IN EAST ASIA,EIC3212,3
CORPORATE CULTURE IN EAST ASIA,EIC3213,3
ENTREPRENEURSHIP AND ORGANIZATIONAL MANAGEMENT IN ASIA,EIC3214,3
CONTEMPORARY ISSUES IN EAST ASIAN BUSINESS,EIC3215,3
INDUSTRIAL ORGANIZATION†,EIC3216,3
EAST ASIAN ECONOMIC GROWTH†,EIC3217,3
MONEY AND BANKING IN ASIA†,EIC3218,3
MARKETING†,EIC3219,3
BRAND MANAGEMENT†,EIC3220,3
FINANCIAL MANAGEMENT†,EIC3221,3
MANAGEMENT SCIENCE†,EIC3222,3
EAST ASIAN ECONOMIC AND FINANCIAL ENVIRONMENT†,EIC3223,3
ORGANIZATIONAL BEHAVIOR†,EIC3224,3
PRINCIPLES OF ACCOUNTING(2)†,EIC3225,3
PERSONNEL MANAGEMENT†,EIC3226,3
INVESTMENT†,EIC3227,3
WEB PROGRAMMING†,EIC3228,3
APPLIED MACROECONOMICS†,EIC3229,3
MATHEMATICAL ECONOMICS†,EIC3230,3
EXPERIMENTAL ECONOMICS†,EIC3231,3
ECONOMICS OF EDUCATION†,EIC3232,3
HEALTH ECONOMICS†,EIC3233,3
Calculus,EIC3234,3
INTERNATIONAL INTERNSHIP IN EAST ASIA I,EIC3309,1
INTERNATIONAL INTERNSHIP IN EAST ASIA II,EIC3310,1
"SELECTIVE READINGS IN CHINESE I, II",EIC3313,3
"SELECTIVE READINGS IN JAPANESE I, II",EIC3315,3
CHINESE LANGUAGE V,EIC3319,3
CHINESE LANGUAGE VI,EIC3320,3
JAPANESE LANGUAGE V,EIC3321,3
JAPANESE LANGUAGE VI,EIC3322,3
RUSSIAN HISTORY,EIC3325,3
GLOBALIZATION OF CHINA†,EIC3328,3
ADVERTISEMENT†,EIC3333,3
LABOR ECONOMICS†,EIC3334,3
BUSINESS PROGRAMMING,EIC3335,3
INTRODUCTION TO ETHICS,EIC3337,3
DIVERSITY AND CONVERGENCE IN EAST ASIA,EIC3339,2
DEA INTERNSHIP(1)~(4),EIC3340,1
APPLIED MICROECONOMICS†,EIC3344,3
INTRODUCTION TO FINANCIAL ECONOMETRICS,EIC3345,3
AMERICAN GOVERNMENT AND ECONOMY,EIC3346,3
CONTEMPORARY THEORIES OF JUSTICE,EIC3347,3
ICT POLICY†,EIC3348,3
ASIAN MARKET RESEARCH,EIC3349,3
FINANCIAL TIME SERIES ANALYSIS,EIC3350,3
GLOBAL ASSET MANAGEMENT WITH PYTHON†,EIC3351,3
SPECIAL TOPICS IN EAST ASIAN POLITICS,EIC4101,3
SPECIAL TOPICS IN INTERNATIONAL RELATIONS,EIC4120,3
SPECIAL TOPICS IN EAST ASIAN CULTURES,EIC4121,3
SPECIAL TOPICS IN EAST ASIAN ECONOMY,EIC4201,3
POLITICS AND ECONOMY OF CULTURE,EIC4203,3
INTRODUCTION TO CLIMATE FINANCE,EIC4301,3
GLOBAL ECONOMIC GOVERNANCE,EIC4303,3
POLICY SIMULATION†,EIC4304,3
ECONOMETRICS†,EIC4305,3
INDEPENDENT STUDY,EIC4308,2
영어글쓰기(1),ELL2001,3
영어말하기와토론,ELL2002,3
영어글쓰기(2),ELL2003,3
주니어세미나 ⓟ,ELL2004,1
UT세미나 ⓟ,ELL2005,1
영어학입문,ELL2101,3
영문학입문,ELL2501,3
미국문학개관,ELL2502,3
영국문학개관(1),ELL2503,3
영국문학개관(2),ELL2504,3
미국문화,ELL2505,3
영국문화,ELL2506,3
단편소설의예술,ELL2601,3
통번역입문,ELL2902,3
영어음성학,ELL3101,3
영어낱말분석,ELL3102,3
영어음운론,ELL3103,3
현대영문법의원리,ELL3202,3
영어화용론,ELL3301,3
영어담화분석,ELL3302,3
영문법사,ELL3303,3
영어어법연구,ELL3304,3
서정시의기본,ELL3305,3
영국사상,ELL3306,3
영어변천사,ELL3307,3
현대영국희곡,ELL3308,3
영어사용과사회,ELL3309,3
문체론입문,ELL3310,3
영어교육론,ELL3401,3
인지언어학의이해,ELL3402,3
아동문학/문화연구,ELL3404,3
제2언어로서의시,ELL3405,3
PLOT IN FICTION AND FILM,ELL3407,3
17세기영국시,ELL3601,3
20세기영시,ELL3602,3
낭만주의문학,ELL3603,3
현대영국소설,ELL3701,3
영국소설과영화,ELL3702,3
19세기영국소설(1),ELL3703,3
19세기영국소설(2),ELL3706,3
20세기미국소설,ELL3707,3
18세기영국소설,ELL3708,3
19세기미국소설,ELL3709,3
현대미국희곡,ELL3802,3
서양고전강독,ELL3902,3
영국르네상스문학,ELL3903,3
중세영문학,ELL3904,3
셰익스피어,ELL3909,3
최근영국소설,ELL3910,3
영어교육접근법,ELL3911,3
영어발표와의사소통,ELL3912,3
고급영어글쓰기,ELL3913,3
영어능력평가,ELL3914,3
대화분석의기초,ELL3915,3
"POETRY, DRAMA AND PERFORMANCE",ELL3916,3
영어어원론,ELL3918,3
DREAM WRITING,ELL3920,3
영어성경과영문학,ELL3921,3
만화의신화,ELL3922,3
심리언어학의이해,ELL3923,3
아시아계미국희곡,ELL3925,3
영어권문학,ELL3926,3
영국르네상스드라마,ELL3927,3
페미니즘문학연구,ELL3928,3
유토피아문학과사상,ELL3929,3
아일랜드문학과문화,ELL3930,3
단편영화의예술,ELL3932,3
아포칼립스소설,ELL3934,3
영어단어의역사,ELL3935,3
디지털말뭉치분석과언어교육,ELL3936,3
제2언어심리언어학,ELL4241,3
영어학특강,ELL4301,3
고급영문법,ELL4302,3
근대영국소설주제연구,ELL4303,3
영미포스트모더니즘,ELL4304,3
영어구조론,ELL4305,3
영미공상과학문학,ELL4306,3
영국지성사원전연구,ELL4307,3
미국소설특강,ELL4701,3
현대비평이론,ELL4904,3
근대성과오리엔탈리즘,ELL4905,3
문화연구:주요개념과쟁점,ELL4906,3
코퍼스의분석과활용,ELL4907,3
서양문화와희곡사,ELL4908,3
대화분석과기관내에서의대화,ELL4909,3
VICTORIAN LITERATURE AND CULTURE,ELL4910,3
CAREER DEVELOPMENT SKILLS & STRATEGIES,ELL4911,3
언어와문화의이해,ELL4912,3
문화와예술의정신분석,ELL4913,3
영문학특강2,ELL4914,3
세계희곡과인간의계보학,ELL4915,3
비교영문학특강,ELL4916,3
영문학특강1,ELL4917,3
COMPARATIVE ENGLISH LITERATURES,ELL4919,3
근현대세계문학비교연구,ELL4920,3
WISDOM AND THE ART OF LIFE,ELL4921,3
LITERATURE AND REVOLUTION,ELL4922,3
서구문명의쇠퇴와몰락,ELL4923,3
SOUTH KOREAN AND U.S. MELODRAMA,ELL4924,3
현대영어학의이론과응용,ELL4925,3
공업수학II,ENC2004,3
환경공학개론,ENC2007,3
UT세미나(환경-에너지융합),ENC2008,1
수치해석,ENC3002,3
수화학,ENC3003,3
환경기기분석,ENC3007,3
논문,ENC3009,1
환경계획,ENC3010,3
그린캡스톤디자인,ENC3028,3
환경자료분석개론,ENC3030,3
세미나,ENC3035,2
국립공원의이해,ENC3036,3
국립공원의생태학,ENC3037,3
환경영향평가,ENC4001,3
ET현장실습(1),ENC4003,1
ET현장실습(2),ENC4004,1
ET현장실습(3),ENC4005,1
ET현장실습(4),ENC4006,1
환경미생물학및실험,ENE2001,3
유체역학,ENE2002,3
공학양론,ENE2003,3
하폐수처리공학,ENE3003,3
상수도공학,ENE3004,3
수리수문학,ENE3008,3
구조역학,ENE3009,3
환경공학기초실험,ENE3015,3
환경공학심화실험,ENE3016,3
에너지환경공학,ENE3018,3
물질전달학,ENE3019,3
반응공학,ENE3020,3
폐자원에너지공학,ENE3021,3
GT융합설계,ENE3022,3
MEDICI장기현장실습,ENE3026,9
환경보전공학,ENE3027,3
대기오염방지공학,ENE4001,3
환경공학설계,ENE4003,3
환경생명공학,ENE4004,3
대기질모델링,ENE4005,3
공학기초설계,ENG1107,3
공학정보처리,ENG1108,3
공학정보처리,ENG1109,3
우리마을리빙랩(캡스톤디자인),ENG2005,3
AI스타트업,ENG2007,3
융합뇌공학입문,ENG2009,3
과학기술과사회,ENG3007,3
스타트업리걸클리닉,ENG3017,3
기후기술창업창의설계,ENG4011,3
기후기술창업가세미나,ENG4012,3
기후기술창업종합설계,ENG4013,3
영어영문학입문,ENH1001,3
영어학개관,ENH2001,3
영어쓰기연습,ENH2005,3
영문학개관,ENH2012,3
스피치,ENH2013,3
디지털리터러시입문,ENH2014,3
낭만주의영시,ENH3003,3
영어발음의이해,ENH3004,3
빅토리아조영시,ENH3006,3
영어구조론(1),ENH3009,3
응용언어학,ENH3010,3
서사시연구,ENH3011,3
영어어휘연습,ENH3015,3
영미작가론,ENH3017,3
영어구문의 이해,ENH3019,3
영어교육론,ENH3020,3
영어학연습,ENH3021,3
영어와영미사회이해,ENH3022,3
언어와심리,ENH3023,3
영미산문,ENH3026,3
미국문학개관,ENH3027,3
영어역사의이해(구영어발달사),ENH3031,3
영어문법론,ENH3032,3
영미아동문학,ENH3039,3
영상미디어와문화,ENH3040,3
영어교육방법론,ENH3041,3
영미시개관,ENH3043,3
영미소설개관,ENH3044,3
영미희곡개관,ENH3045,3
고급영문법,ENH3046,3
번역기반영어독해(구통역이론과실제),ENH3050,2
언어습득론,ENH3051,3
특수목적영어(구언어학사),ENH3054,3
영어논리및논술,ENH3055,2
영어교재연구및지도법,ENH3056,3
영어쓰기교육,ENH3058,3
영어교과과정론,ENH3059,3
영어의미분석((구의미론),ENH3060,3
영어학습평가론,ENH3063,2
미국문화창작프로젝트(캡스톤디자인),ENH3064,3
영미그림책이론과실제(1)(캡스톤디자인),ENH3065,3
코퍼스언어학,ENH3067,3
문화간커뮤니케이션,ENH3068,3
비판적영어읽기,ENH3069,3
미디어와영어교육,ENH3070,3
언어와사회,ENH3071,3
영시와영미문화,ENH3072,3
영소설특강,ENH3074,3
영문학과의료,ENH3075,3
영어비평적글쓰기,ENH3076,3
영미문학과영어토론,ENH3077,3
다문화주의문학,ENH3078,3
"영미문화와젠더,섹슈얼리티",ENH3079,3
환경과영미문화,ENH3080,2
현대영미희곡,ENH3081,3
미국대중문화연구,ENH3082,3
영어담화의이해와분석,ENH3084,3
영화비평론,ENH4001,3
성경과영문학,ENH4003,3
밀튼과인문학적상상력,ENH4007,3
영미비평,ENH4011,3
영어학특강,ENH4012,3
영어구조론(2),ENH4015,3
현대비평론,ENH4016,3
영미문학과영화,ENH4017,3
영어교육특강(구영어교재개발론),ENH4018,3
미국소설특강,ENH4019,3
영미단편소설,ENH4020,3
영어영문학과현장실습(1),ENH4022,1
글로벌업무소통영어,ENH4028,3
동아시아영화연구,ENH4029,3
공상과학문학,ENH4030,3
추리소설연구,ENH4031,3
최근문화연구,ENH4032,3
폐기물학,ENS2001,3
환경분석,ENS2002,3
수질오염학,ENS2003,3
환경화학,ENS2004,3
대기오염학,ENS2005,3
환경유기화학,ENS2010,3
무기재료공학,ENS2011,3
에너지공학설계입문,ENS2012,3
토양오염학,ENS3001,3
소음방지공학및실험,ENS3002,3
실내공기오염제어,ENS3010,3
신에너지공학,ENS3020,3
수환경모델,ENS3021,3
열역학,ENS3022,3
바이오에너지공학,ENS3023,3
환경오염물모니터링,ENS3025,3
에너지소재공학,ENS3026,3
AI기반 공정설계개론,ENS3027,3
에너지표면공학,ENS3028,3
친환경에너지공학기초실험,ENS3029,3
친환경에너지공학고급실험,ENS3030,3
진동방지공학및실험,ENS4002,3
방사선환경,ENS4005,3
에너지회수공학,ENS4008,3
경제학코딩(2),EOC3220,3
PHYSICAL CHEMISTRY (2),ESE2002,3
ENERGY ENGINEERING,ESE3001,3
FLUID DYNAMICS,ESE3002,3
UNDERSTANDING CLIMATE CHANGE SCIENCE,ESE3004,3
RECENT ADVANCES IN ENERGY & ENVIRONMENTAL TECHNOLOGY,ESE3005,3
TRANSPORT PHENOMENA IN GREEN TECHNOLOGY,ESE3006,3
ENERGY MATERIALS LABORATORY,ESE3007,3
COMPUTER-AIDED ENERGY MATERIALS DESIGN,ESE3008,3
EESE SENIOR THESIS,ESE4001,3
지구시스템과학개론및실습,ESS1104,3
환경지구과학개론및실습,ESS1105,3
진로개발세미나,ESS2003,1
야외지질학 및 실습,ESS2102,3
지구물질학및실험,ESS2103,3
환경지구과학,ESS2108,3
화성암석학및실험,ESS2110,3
지구화학개론,ESS2112,3
고생물학개론,ESS2113,3
지구물리학및실습,ESS3101,3
퇴적암석학,ESS3102,3
지하수유동모델링및실습,ESS3104,3
물리탐사및실습,ESS3105,3
지질공학및실험,ESS3108,3
컴퓨터 지구시스템과학및실습,ESS3109,3
토양과지형,ESS3110,3
광물화학,ESS3111,3
구조지질학및실습,ESS3113,3
층서학의이해,ESS3115,3
수리지구화학및실험,ESS3116,3
지구시스템과학심화연구(1),ESS3117,3
지구시스템과학심화연구(2),ESS3118,3
화석의역사,ESS3119,3
분지해석학,ESS3120,3
결정학및실험,ESS3121,3
지구시스템과학실험,ESS3122,3
지하수역학및실습,ESS3123,3
지구동력학및실습,ESS3126,3
지질기초역학,ESS3127,3
습지의과학,ESS3128,3
토양학,ESS3129,3
진로계획세미나,ESS3130,1
지표환경지구화학및실습,ESS3131,3
위성지구과학및실습,ESS4104,3
광상학,ESS4105,3
동위원소지질학,ESS4106,3
지하수오염과 모니터링 및 실습,ESS4108,3
행성과학,ESS4109,3
해양지질학,ESS4111,3
지구정보처리학및실습,ESS4114,3
토양오염과정화,ESS4115,3
변성암석학및실험,ESS4116,3
생지구화학및실험,ESS4117,3
지구내부학,ESS4120,3
주제광물학및실습,ESS4121,3
석유지질학및실습,ESS4122,3
자원경제학,ESS4123,3
지구시스템자료분석및실습,ESS4124,3
졸업논문연구(1)ⓟ,ESS4125,1
졸업논문연구(2)ⓟ,ESS4126,2
광물자원탐사 및 활용,ESS4127,3
필드스쿨,ESS4128,3
자원개발과환경재해및실습,ESS4130,3
지구의역사,ESS4131,3
지진학및실습,ESS4132,3
퇴적환경학,ESS4133,3
지구환경화학및실험,ESS4135,3
유럽의새로운이해,EUR3101,3
현대유럽의사회와문화,EUR3102,3
유럽의예술영화,EUR3107,3
영상문화기획,FIL3102,3
이미지와상상력,FIL4102,3
일반화학,FNS1001,3
식품영양과체형,FNS1101,3
주니어세미나ⓟ,FNS2001,1
UT세미나ⓟ,FNS2002,1
급식경영학,FNS2101,3
생화학,FNS2102,3
식품미생물학,FNS2103,3
인체영양학,FNS2106,3
조리원리,FNS2107,3
영양과환경,FNS2108,3
영양학실험,FNS2109,3
식품관능평가,FNS2110,3
호텔.외식.관광산업개론,FNS2115,3
분자생물학,FNS2116,3
영양과세포생물학,FNS2117,3
단체급식관리및실습,FNS3101,3
생애주기영양학,FNS3102,3
식사요법,FNS3103,3
식생활관리,FNS3104,3
영양과건강,FNS3105,3
식품위생학,FNS3106,3
임상영양학,FNS3108,3
"식품,영양,푸드서비스마케팅",FNS3109,3
식품구매,FNS3111,3
식품영양과학과마케팅,FNS3112,3
건강기능식품과영양,FNS3113,3
인적자원관리,FNS3114,3
식품화학,FNS3115,3
영양소대사,FNS3116,3
식품영양분석및실험,FNS3117,3
영양사현장실습ⓟ,FNS3119,2
다량조리현장실습,FNS3120,1
영양과인체유전학및실험,FNS3121,3
영양판정,FNS3123,3
영양생리학,FNS3124,3
급식.외식산업현장실무,FNS4102,3
식생활과문화,FNS4103,3
실험조리및식품개발,FNS4106,3
영양교육및상담,FNS4111,3
고급영양학,FNS4113,3
지역사회영양학,FNS4115,3
식품가공및저장학,FNS4116,3
식품학,FNS4117,3
식품영양산업의트렌드ⓟ,FNS4118,2
기능성식품학,FNS4120,3
프랑스어권명저의이해,FRE1003,3
프랑스문학의이해,FRE2101,3
프랑스어학의이해,FRE2102,3
프랑스어작문과문법,FRE2103,3
프랑스어회화(1),FRE2104,3
프랑스어회화(3),FRE2105,3
프랑스어와문화(1),FRE2106,3
프랑스산문강독(1),FRE2107,3
프랑스어작문과표현,FRE2108,3
프랑스어회화(2),FRE2109,3
프랑스어와문화,FRE2111,3
프랑스산문강독(2),FRE2112,3
프랑스사회와문화강독,FRE2113,3
프랑스어의역사,FRE3103,3
신문ㆍ방송프랑스어,FRE3104,3
번역의이론과실제,FRE3105,3
프랑스어문법연습,FRE3107,3
프랑스영상예술,FRE3108,3
프랑스상징주의시,FRE3110,3
프랑스현대소설(2),FRE3114,3
프랑스문학비평,FRE3115,3
프랑스근대소설(1),FRE3117,3
프랑스현대시,FRE3118,3
프랑스근대소설(2),FRE3120,3
프랑스희곡,FRE4103,3
프랑스현대소설(1),FRE4104,3
프랑스어어휘형태,FRE4106,3
프랑스어의의미,FRE4107,3
프랑스어텍스트담화연구,FRE4109,3
프랑스어문장연구,FRE4117,3
정보컴퓨팅기술개론,GAI1001,3
정보프로그래밍기초,GAI1002,3
응용자료구조,GAI2001,3
데이터베이스개론,GAI2003,3
데이터분석개론,GAI2004,3
이산구조론,GAI2006,3
정보프로그래밍심화,GAI2008,3
웹프로그래밍,GAI2009,3
비즈니스IT,GAI2010,3
객체지향정보프로그래밍,GAI2011,3
게임설계와구현,GAI3001,3
인공지능기초수학,GAI3002,3
알고리즘응용,GAI3003,3
고급데이터분석,GAI3005,3
인공지능개론,GAI3006,3
정보SW공학,GAI3007,3
응용모바일프로그래밍,GAI3008,3
린스타트업프로젝트,GAI3009,3
기술경영의이해,GAI3010,3
응용정보컴퓨팅시스템,GAI3011,3
IT서비스전략및기획,GAI3012,3
응용정보캡스톤디자인,GAI4001,3
시각정보분석,GAI4002,3
오픈소스SW응용,GAI4003,3
정보기술과HCI,GAI4005,3
정보기술과보안,GAI4006,3
소셜네트워크분석,GAI4007,3
자연어정보분석,GAI4008,3
바이오생활공학입문,GBL1001,3
바이오생활융합과학개론,GBL1002,3
유기화학입문,GBL2001,3
기능성식품학개론,GBL2002,3
바이오화장품학개론,GBL2003,3
바이오생활생물1,GBL2004,3
바이오생활화학1,GBL2005,3
바이오생활생물2,GBL2006,3
바이오생활화학2,GBL2007,3
응용생화학,GBL2008,3
바이오기능성소재학,GBL3001,3
핵심미생물학,GBL3002,3
피부생명과학,GBL3003,3
바이오통계학,GBL3004,3
미래바이오헬스케어,GBL3005,3
바이오생활기초실험,GBL3201,3
식품화학개론,GBL3203,3
바이오생활창의설계1,GBL4001,3
바이오생활창의설계2,GBL4002,3
기기분석학,GBL4003,3
화장품제형공학,GBL4004,3
바이오안전및독성학,GBL4005,3
첨단발효공학,GBL4006,3
바이오헬스케어기술과산업,GBL4007,3
푸드테크과학기술특론,GBL4008,3
바이오생활전공실험1,GBL4201,3
바이오생활전공실험2,GBL4202,3
비주얼리터러시,GCM1003,3
비주얼스토리텔링,GCM1004,3
문화원형과콘텐츠,GCM1105,3
이야기와문화연구,GCM2004,3
비디오리터러시,GCM2007,3
글로벌미디어의이해,GCM2010,3
콘텐츠라이팅기초,GCM2012,3
한국전통문화콘텐츠연구,GCM2013,3
리얼타임그래픽스,GCM2014,3
사운드디자인입문,GCM2015,3
액티브촬영워크숍,GCM2016,3
영화음악과한국문화,GCM2017,3
애니메이션상상력,GCM2018,3
데이터리터러시의이해,GCM2019,3
영화음악의이해,GCM2021,3
문화기술프로그래밍기초,GCM2022,3
사진영상의세계,GCM2024,3
콘텐츠라이팅스킬,GCM2026,3
역사와스토리텔링,GCM2027,3
한국영화속의아시아,GCM3003,3
UX디자인과인터페이스,GCM3006,3
디지털트랜스포메이션과UX,GCM3007,3
20세기할리우드와유럽영화,GCM3009,3
크리에이티브제작워크샵,GCM3010,3
영상실습,GCM3011,3
비주얼아이덴티티,GCM3012,3
문화간커뮤니케이션,GCM3015,3
한국의공연예술과뮤지컬의세계,GCM3016,3
미디어사운드디자인,GCM3018,3
미디어콘텐츠표현기술,GCM3019,3
AI비주얼프로덕션,GCM3020,3
온라인콘텐츠투어,GCM3023,3
노코드와온라인콘텐츠제작,GCM3024,3
비즈니스커뮤니케이션,GCM3025,3
문화미디어이벤트트렌드,GCM3026,3
이머시브스토리텔링,GCM3027,3
미디어와시각예술,GCM3028,3
TV프로그램프로듀싱의이해,GCM3029,3
콘텐츠라이팅전략,GCM3031,3
브랜드이미지와미디어,GCM3032,3
UX리서치스킬,GCM3033,3
3D인터랙티브증강현실디자인,GCM3034,3
디지털갤러리,GCM3100,3
문화콘텐츠비평,GCM4002,3
창의콘텐츠세미나,GCM4005,3
스토리텔링과문화콘텐츠,GCM4006,3
초급영어Ⅰ,GED1001,3
초급영어Ⅱ,GED1002,3
중급영어Ⅰ,GED1003,3
중급영어Ⅱ,GED1004,3
초급대학한국어,GED1005,3
언어와생활,GED1006,3
한국문화입문,GED1007,3
중급대학한국어,GED1008,3
언어와사회,GED1009,3
한국문화의이해,GED1010,3
중국문화의이해Ⅰ,GED1016,3
고급대학한국어,GED2001,3
한국사회의이해,GED2002,3
한국사회와문화,GED2003,3
글로벌사회문화,GED2004,3
시사영어Ⅰ,GED2005,3
시사영어Ⅱ,GED2006,3
비평적사고Ⅰ,GED2007,3
비평적사고Ⅱ,GED2008,3
비즈니스한국어,GED2009,3
대중문화와문화콘텐츠,GED2020,3
텍스트커뮤니케이션,GED2021,3
학술프레젠테이션,GED2022,3
학술콘텐츠의이해,GED2023,3
비교문화세미나Ⅰ,GED3001,3
비교문화세미나Ⅱ,GED3002,3
프리젠테이션스킬Ⅰ,GED3003,3
프리젠테이션스킬Ⅱ,GED3004,3
한국문화의이해와동아시아의교류,GED3006,3
글로벌마케팅,GED3013,3
인포메이션스토리텔링,GED3042,3
중국문화의이해Ⅱ,GED3043,3
문화교류와번역,GED3045,3
동아시아문자와문화콘텐츠,GED3046,3
글로벌경영전략,GED3047,3
동아시아도시문화콘텐츠의이해,GED3048,3
상품과공간으로보는 한국문화사,GED3049,3
영상콘텐츠제작의이해,GED3050,3
조직행동과문화경영,GED3051,3
창업과지적재산권,GED3052,3
문화콘텐츠와한중번역실습,GED3053,3
저작권의이해,GED3054,3
언어와문화콘텐츠,GED3055,3
GED캡스톤디자인,GED3056,3
GED현장실습(1),GED3057,1
GED현장실습(2),GED3058,1
GED현장실습(3),GED3059,1
GED현장실습(4),GED3060,1
글로벌오퍼레이션,GED3061,3
경영자료분석,GED3062,3
한류와문화커뮤니케이션,GED3063,3
브랜드인문학,GED3064,3
한국역사의유산과문화산업,GED3065,3
문화프로젝트관리,GED3066,3
문화사업데이터분석,GED3067,3
동아시아의대중문화와소비플랫폼의변화,GED3069,3
동아시아문화의디자인씽킹과브랜딩,GED3070,3
글로벌서비스경영,GED3071,3
이미지기호학,GED3073,3
프리젠테이션과중한통역실습,GED3074,3
비즈니스의사소통관리,GED3075,3
MICE산업의이해,GED3077,3
동아시아문화콘텐츠장르와감정의이해,GED3078,3
아시아신화와상징,GED3079,3
몸과문화콘텐츠,GED3080,3
설득커뮤니케이션,GED3081,3
글로벌산업재무회계기초,GED3082,3
의학용어,GED3083,3
경영학개론,GED3084,3
문화산업의세계화와리스크,GED3085,3
문화산업회계와세무,GED3086,3
문화콘텐츠기획과유통,GED3087,3
무빙이미지기초,GED3088,3
문화산업정책론,GED3109,3
디지털시대의문화와경제,GED3110,3
문화산업의이해,GED3111,3
문화산업관리세미나Ⅰ,GED3112,3
기초시각표현기법,GED3114,3
뉴미디어디자인실습,GED3115,3
스토리텔링과웹툰,GED3116,3
미술과미디어디자인의이해,GED3117,3
아동발달과평가,GED3118,3
인체검사학,GED3119,3
재활치료학개론,GED3120,3
해부학,GED3121,3
글로벌ESG,GED3130,3
글로벌윤리경영,GED3131,3
글로벌타당성평가,GED3132,3
글로벌중급회계,GED3133,3
글로벌기초재무분석,GED3134,3
글로벌원가관리,GED3135,3
글로벌조직인사,GED3136,3
게임디자인기초,GED3138,3
게임그래픽제작입문,GED3139,3
가상현실미디어디자인,GED3140,3
몰입형미디어디자인,GED3141,3
메타버스컨텐츠디자인,GED3142,3
심리학개론,GED3143,3
재활치료학개론,GED3144,3
물리치료학,GED3145,3
작업치료학,GED3146,3
구강보건교육,GED3147,3
구강생리학,GED3148,3
예방치과학및실습,GED3149,3
치과교정및소아치과진료,GED3150,3
치과진료의이해및실습,GED3151,3
치위생학입문,GED3152,2
국제시장의이해,GED3168,3
글로벌에티켓,GED3169,3
디지털드로잉,GED3170,3
디지털미디어프로젝트,GED3171,3
디지털사진,GED3172,3
사운드디자인의이해,GED3173,3
애니메이션스튜디오,GED3174,3
영상디자인,GED3175,3
근골격계재활치료학,GED3176,3
신경계재활치료학,GED3177,3
한의재활치료학,GED3178,3
지속가능한공급망관리와아시아,GED3185,3
글로벌산업동향,GED3186,3
글로벌시장경제,GED3187,3
세계화와경제기구,GED3188,3
아동재활치료,GED3189,3
언어치료학,GED3190,3
정신건강재활치료학,GED3191,3
임플란트및구강외과진료,GED3192,3
치과보존및보철치료,GED3193,3
치아형태학및구강조직발생학,GED3194,3
치위생연구및통계(종합설계),GED3195,2
치주학,GED3196,2
SODO학부연구(1),GED4001,2
SODO학부연구(2),GED4002,2
한국대중매체와담화분석,GED4003,3
문화간커뮤니케이션,GED4004,3
동아시아문화와영문표현기법(1),GED4005,3
동아시아문화와영문표현기법(2),GED4006,3
독어독문학의이해,GER2101,3
시청각독일어,GER2105,3
현대독일산문,GER2106,3
독일작가와작품,GER2108,3
독일의문화와역사,GER2109,3
독일문학사,GER2112,3
독일작가세미나(1),GER2113,3
독어연습(1),GER2114,3
독어연습(2),GER2115,3
독일어텍스트읽기(1),GER2116,3
독일어말하기연습,GER2118,3
독어연습(3),GER3101,3
독문법의이해,GER3102,3
신문방송독일어,GER3106,3
독일어의문장구조이해,GER3107,3
고급독문법,GER3108,3
독일지역학(1),GER3110,3
독일학특강,GER3111,3
독일통일과문학,GER3113,3
문학비평론,GER3114,3
독일고전주의연구,GER3116,3
낭만주의문학연구,GER3117,3
사실주의이론및작품분석,GER3118,3
표현주의문학연구,GER3120,3
최근독일문학동향,GER3121,3
독일시의이해,GER3122,3
현대독일시론,GER3123,3
괴테의문학세계,GER3124,3
헤르만헤세의문학세계,GER3125,3
토마스만의문학세계,GER3126,3
카프카의문학세계,GER3127,3
파우스트연구,GER3128,3
문학과영화,GER3129,3
독일표현주의영화,GER3130,3
독일현대연극,GER3131,3
독일연극의이해,GER3132,3
번역의이론과실제,GER3134,3
광고언어의이해,GER3135,3
독어연습(4),GER3138,3
독어학의이해,GER3139,3
독일어텍스트읽기(2),GER3140,3
ZD준비,GER3141,3
근현대성장담,GER3144,3
근현대사회와문학,GER3145,3
독일문화이론,GER3146,3
서구문학과오리엔탈리즘,GER3147,3
괴테-자격증B2준비과정,GER3148,3
매체를통한독일어연습,GER3149,3
독일어통번역연습,GER3150,3
독일포스트모더니즘소설,GER3151,3
근현대서구문학과타자성,GER3152,3
독일어와문화텍스트,GER3153,3
독일어텍스트읽기(3),GER4101,3
소설이론과분석,GER4103,3
독일교양소설의역사,GER4104,3
드라마이론과분석,GER4106,3
신화와문학,GER4108,3
문학과죽음,GER4109,3
현대언어학의흐름,GER4111,3
언어와매체,GER4113,3
독어연습(5),GER4115,3
대안문화와생태문학,GER4116,3
TestDaF준비,GER4117,3
독문학텍스트원전강독,GER4118,3
독일어텍스트읽기(4),GER4119,3
국제경영입문,GIC1101,3
글로벌경영관리개론,GIC2101,3
경제학의이해:이론과정책,GIC2201,3
마케팅관리론,GIC2203,3
물가와고용,GIC2205,3
은행과이자,GIC2208,3
경영과회계,GIC2209,3
투자분석,GIC2211,3
한국과국제관계,GIC2301,3
외교정책입문,GIC2303,3
세계화와글로벌이슈,GIC2304,3
디지털플랫폼비즈니스개론,GIC2305,3
국제통상의이해,GIC2306,3
재무관리의이해,GIC2307,3
전략경영입문,GIC2308,3
국제관계의이해,GIC2309,3
국제정치경제의이해,GIC2310,3
다국적기업론,GIC3202,3
국제금융의이해,GIC3203,3
국제자본시장의이해,GIC3205,3
기업과전략,GIC3208,3
소비자행동분석론,GIC3209,3
마케팅조사분석론,GIC3210,3
국제경제학원론,GIC3211,3
국제상사분쟁해결론,GIC3212,3
중국의통상환경과기업의대응,GIC3213,3
기업재무분석,GIC3216,3
국제기구와글로벌거버넌스,GIC3301,3
미디어와외교정책,GIC3302,3
남북한관계와국제정치,GIC3304,3
국제통상의통계적분석,GIC3305,3
한국의경제발전과무역정책,GIC3306,3
외교와협상,GIC3308,3
국제관계이슈분석세미나,GIC3309,3
동북아시아국제관계와안보,GIC3994,3
정치학쟁점과국제사회,GIC3995,3
합리적선택이론과전략,GIC3996,3
머신러닝과재무관리,GIC4101,3
아세안의통상환경과기업의대응,GIC4201,3
글로벌상거래결제론,GIC4204,3
국제마케팅사례분석,GIC4205,3
로컬거버넌스와사회참여,GIC4302,3
국제경제연구방법론,GIC4303,3
국제관계이론세미나,GIC4306,3
문화공공외교와한류,GIC4308,3
금융시장과제도,GIC4309,3
언어학개론,GKE1001,3
한국어교육개론,GKE1301,3
한국어의이해,GKE2101,3
한국어어문규범,GKE2102,3
사회언어학연구,GKE2201,3
외국어습득론,GKE2202,3
대조언어학,GKE2203,3
한국문학의흐름과이해,GKE2204,3
한국어표현교육,GKE2301,3
한국어이해교육,GKE2302,3
한류와한국문화,GKE2404,3
말뭉치언어학의이해,GKE2405,3
K-pop과한국어,GKE2406,3
한국어화용론,GKE3101,3
한국어문법교육,GKE3102,3
한국어발음교육,GKE3103,3
한국문화교육,GKE3104,3
한국어교재론,GKE3105,3
한국어평가이론,GKE3106,3
한국어어휘교육,GKE3107,3
한국어한자교육,GKE3108,3
한국어교육과정,GKE3109,3
한국대중문화의이해,GKE3401,3
한국어교육정책,GKE4101,3
외국어로서의한국어교육실습,GKE4102,3
한국어번역론,GKE4103,3
멀티미디어한국어교육자료개발,GKE4104,3
GLC 영어1,GLC1001,3
GLC 영어2,GLC1002,3
고급GLC영어글쓰기 Advanced GLC English Writing,GLC1005,3
GLC신입생세미나1 GLC Freshman Seminar1,GLC1101,1
GLC신입생세미나2 GLC Freshman Seminar2,GLC1102,1
학술담화의이해 Understanding Academic Discourse,GLC1105,3
학술텍스트의이해 Understanding Academic Text,GLC1106,3
논증과토론 Argumentation And Discussion,GLC1107,3
논리적사고와글쓰기 Logical Thinking And Writing,GLC1108,3
초급한국어회화 Beginning Korean Conversation,GLC1109,3
초급한국어이해 Beginning Korean Comprehension,GLC1110,3
초급한국어문법 Beginning Korean Grammar,GLC1111,3
Gateway to University for International Student,GLC1112,1
사고와표현 Thinking And Expression,GLC1201,3
논리와사고 Logic And Thinking,GLC1202,3
숫자와생활 Understanding Of Numbers In Daily Life,GLC1203,3
한국의문화적사건 Landmarks Of Korean Culture,GLC1205,3
디지털문화예술 Digital Art And Culture,GLC1206,3
글로벌산업의이해 Understanding Global Industry,GLC1207,3
GLC수학 GLC Mathematics,GLC1208,3
물질과문명 Material And Civilization,GLC1209,3
"기술,사회와리더십 Technology Society And Leadership",GLC1210,3
경제의이해 Understanding Economic Phenomena,GLC1211,3
글로벌정치학개론 Introduction To Global Political Science,GLC1212,3
마음의과학 Science Of Mind,GLC1213,3
비주얼커뮤니케이션 Visual Communication,GLC1214,3
한국문화입문 Introduction To Korean Culture,GLC1215,3
아시아영화작가론 Understanding Of Asian Art Film,GLC1216,3
역사와영화 History And Cinema,GLC1217,3
과학과자아 Science And Self,GLC1219,3
GLC생물 GLC Biology,GLC1220,3
현대인의영양과건강 Nutrition And Health In Modern Life,GLC1221,3
식품과학의이해 Understanding Food And Food Science,GLC1222,3
문화마케팅의이해 Understanding Of Cultural Marketing,GLC1223,3
"동아시아세계,한국사와한국문화 East Asia; Korean History And Korean Culture",GLC1224,3
글로벌기업과현대사회 Global Companies In The Modern Society,GLC1225,3
글로벌시장과소비자 Global Markets And Consumers,GLC1226,3
21세기한국의역사적이해 Historical Understanding Of Korea In The 21st Century,GLC1227,3
사회정의론 Theory Of Social Justice,GLC1228,3
세계문학과글로컬이슈 World Literature And Glocal Issue,GLC1229,3
서양문명의역사 The History And Culture Of Western Civilization,GLC1230,3
시각문화읽기 Reading The Visual Culture,GLC1231,3
한국현대문학입문 Introduction To Contemporary Korean Literature,GLC1232,3
남북한영화의이해 Understanding Of South And North Korean Cinema,GLC1233,3
소셜미디어와한국어 Korean In Social Media,GLC1234,3
현대사회와친밀한관계 Intimate Relationships In Contemporary Society,GLC1235,3
현대사회의이해 Understanding Contemporary Society,GLC1236,3
학술글쓰기와프레젠테이션 Academic Writing And Presentation,GLC1237,3
한국어와한국사회 Korean Language And Society,GLC1238,3
대중문화와사회 Popular Culture And Society,GLC1239,3
청년기스트레스관리 Stress Management In The Youth,GLC1240,3
K푸드의세일즈마케팅 Sales Marketing Of K-Food,GLC1241,3
데이팅과결혼 Dating And Marriage,GLC1242,3
대학생을위한예비부모교육 Preparental Education,GLC1243,3
윤리적쟁점으로본현대사회 Ethical Issues And Modern Society,GLC1244,3
다양성의시대유니버설디자인 Universal Design In The Era Of Diversity,GLC1245,3
Sustainable Meal Management through the Life Cycle for University Students,GLC1246,3
전쟁과경영 War and Management,GLC1248,3
공생학이론과실제 Symbiotic Science and Practice,GLC1249,3
GLC선형대수 GLC Linear Algebra,GLC1250,3
천문학의세계 Introductory Astronomy for Non-Science Major,GLC1251,3
문학의이해와감상 Understanding of Literature,GLC1252,3
동서양문학대표작읽기 Reading World Literature,GLC1253,3
심리학의이해 Exploring Human Mind & Behavior,GLC1254,3
성평등과젠더감수성 Gender Equality and Sensitivity,GLC1255,3
대중음악의이해와감상 Understanding of Popular Music,GLC1256,3
미술의이해와감상 Understanding of Fine Art,GLC1257,3
문화인류학의이해 Understanding of Cultural Anthropology,GLC1258,3
GLC한국어고급글쓰기 GLC Advanced Korean Writing,GLC1259,3
정보공학과현대사회 Information Engineering and Contemporary Society,GLC1260,3
법과공동체생활 Law and Communal Life,GLC1261,3
통계의분석과이해 Analysis and Understanding of Statistics,GLC1262,3
지구환경과기후의이해 Understanding of Global Environment and Climate,GLC1263,3
물리학과일상생활 Physics and Everyday Life,GLC1264,3
GLC화학 GLC Chemistry,GLC1265,3
프로그래밍을통한논리적사고 Logical Thinking with Computer Programming,GLC1266,3
현대기업경영과컴퓨팅 Modern Business Management and Computing,GLC1267,3
피부건강과코디네이션 Skin Care and Coordination,GLC1268,3
4차산업혁명과푸드테크 4th Industrial Revolution and Foodtech,GLC1269,3
GLC태권도의이론과실제 GLC Taekwondo Theories And Practices,GLC1301,1
GLC스포츠댄스이론과실제 GLC Sports Dance Theories And Practices,GLC1302,1
인간발달의이해 Understanding of Human Development,GLC1303,3
정보처리의이해 Understanding Information Processing,GLC1304,3
게임의이해와응용 Understanding Games And Application,GLC1305,3
화학과일상생활 Chemistry And Everyday Life,GLC1306,3
글로벌리더세미나 Global Leader Seminar,GLC2001,2
비판적사고와행동 Critical Thinking and Behavior,GLD1201,3
현대정치의쟁점과전망 Key Issues and Prospects of Contemporary Politics,GLD1202,3
시각적사고와디지털통찰력 Visual Thinking with Digital Insight,GLD1203,3
한국역사문화의이해 Introduction to Korean Culture and Civilization,GLD1204,3
인간안보와국제기구 Human Security and International Organizations,GLD1205,3
아시아안보의이해 Understanding of Asian Security,GLD1206,3
개인정보보호법과제도 Personal Data Laws And Regulations,GLD2103,3
개인정보활용과보호 Personal Data Protection And Privacy,GLD2401,3
정보보호기술의이해 The Foundation of Information Security,GLD2402,3
정보암호화기술및실습 Cryptography And Encryption,GLD3101,3
개인정보보호관리체계(ISMS-P),GLD3103,3
가명정보이해와실습 Pseudonymization Techniques And Best Practices,GLD3104,3
"인공지능빅데이터와개인정보보호 Ai, BiG Data. And Personal Data Governance",GLD3105,3
개인정보영향평가 Privacy Impact Assessment,GLD3106,3
한국사학입문,HAC1001,3
서양사학입문,HAC2001,3
동양사학입문,HAC2002,3
한국사연구의흐름과현재,HAC2004,3
글로벌한국학입문,HAC2008,3
사진과영상으로보는한국근대,HAC2009,3
역사대중화와미디어콘텐츠,HAC2010,3
현대한국의공간변화와생활문화,HAC2011,3
통일신라와고려의유학과불교,HAC3001,3
중국사개설,HAC3002,3
한국근대민족운동사,HAC3003,3
근현대의한국과제국주의,HAC3004,3
근현대한국의생활과삶,HAC3005,3
근현대한국사회와민주주의,HAC3006,3
박물관학개론,HAC3008,3
근대국민국가형성사,HAC3009,3
조선시대생활사자료와문화콘텐츠,HAC3015,3
디지털한국학연구입문,HAC3016,3
일본사개설,HAC3017,3
고려시대사람들의생활과삶,HAC3018,3
한국선사시대사,HAC3023,3
일본근현대의사상과문화,HAC3026,3
프랑스의역사와문화,HAC3028,3
근대동아시아의문화교류와21세기,HAC3030,3
고조선·삼국시대사람들의경제생활,HAC3031,3
한국근현대토지문제와민중,HAC3032,3
서구사회의근대화,HAC3033,3
동아시아고대세계와한국,HAC3036,3
동아시아지식네트워크와조선의사상,HAC3038,3
조선후기사회변동과향촌사회,HAC3041,3
아시아의민족과역사,HAC3042,3
역사문화기획론,HAC3043,3
문화기획실무론,HAC3044,3
문화와콘텐츠산업론,HAC3046,3
한국근현대인물평전,HAC3047,3
삼국시대사람들의생활과삶,HAC3049,3
동아시아국제관계사,HAC3051,3
중국문명과동양문화,HAC3052,3
고고학,HAC3053,3
이미지와문자의역사,HAC3054,3
조선시대사람들의삶과생각,HAC3055,3
역사와영화,HAC3057,3
문화기획과문화정책론,HAC3058,3
현대한국의정치와사회,HAC3060,3
자료로보는한국의역사와문화,HAC3061,3
한국근현대자료와디지털아카이브,HAC3062,3
역사학의쟁점과비판,HAC3063,3
중국근현대사,HAC3064,3
현대한국의사회변동과문화,HAC3069,3
문화와관광학,HAC3070,3
문화예술문화콘텐츠관광학세미나,HAC3071,3
구술생애사연구,HAC3072,3
근대한국학과문화사상,HAC3073,3
근현대아카이브와지역사,HAC3074,3
지식과개념의역사,HAC3075,3
한국근현대사와민중인식,HAC3076,3
한국근현대여성사,HAC3077,3
한국의문화유산과국제관광,HAC3078,3
한국문화와문화예술콘텐츠,HAC3079,3
현대일본과대중문화,HAC3080,3
"삼국사기,삼국유사와한국인의삶",HAC4001,3
동북아시아의역사갈등과역사이론,HAC4003,3
한국경제사개설,HAC4007,3
도시의발달과부르주아문화,HAC4008,3
역사현장조사ⓟ,HAC4009,1
문화유산조사ⓟ,HAC4010,1
역사유적조사ⓟ,HAC4011,1
역사논문작성법,HAC4012,3
문화산업기업체현장실습(1),HAC4013,1
근현대한국의과학기술과생태환경,HAC4019,3
한국근대국가와국민,HAC4020,3
한국학텍스트분석과데이터마이닝,HAC4021,3
해외한국학리뷰,HAC4022,3
현대사회와역사이론,HAC4023,3
강원혁신플랫폼선형대수학,HCC3001,3
강원혁신플랫폼자료구조,HCC3002,3
강원혁신플랫폼확률과통계,HCC3003,3
강원혁신플랫폼R프로그래밍,HCC3004,3
강원혁신플랫폼빅데이터개론,HCC3005,3
강원혁신플랫폼인공지능,HCC3007,3
강원혁신플랫폼알고리즘,HCC3008,3
강원혁신플랫폼리눅스프로그래밍,HCC3009,3
강원혁신플랫폼기계학습,HCC3010,3
강원혁신플랫폼데이터베이스,HCC3011,3
강원혁신플랫폼컴퓨터비전,HCC3012,3
강원혁신플랫폼자연어처리,HCC3013,3
강원혁신플랫폼인체생리학,HCC3014,3
강원혁신플랫폼디지털헬스케어산업입문,HCC3015,3
강원혁신플랫폼선형시스템,HCC3016,3
강원혁신플랫폼의료전자,HCC3017,3
강원혁신플랫폼생체신호처리,HCC3018,3
강원혁신플랫폼의료기기인허가,HCC3019,3
강원혁신플랫폼의료영상시스템,HCC3020,3
강원혁신플랫폼헬스케어계측,HCC3021,3
강원혁신플랫폼체외진단의료기기,HCC3022,3
강원혁신플랫폼인공지능의료기기,HCC3024,3
강원혁신플랫폼헬스케어표준프로그래밍,HCC3026,3
강원혁신플랫폼의료빅데이터분석,HCC3027,3
강원혁신플랫폼 모바일프로그래밍,HCC3028,3
강원혁신플랫폼 의료데이터베이스,HCC3029,3
강원혁신플랫폼병원정보소프트웨어,HCC3030,3
강원혁신플랫폼 의료영상분석,HCC3031,3
강원혁신플랫폼 의료정보보안,HCC3032,3
강원혁신플랫폼디지털치료용소프트웨어,HCC3033,3
강원혁신플랫폼융합캡스톤디자인,HCC3035,3
강원혁신플랫폼산학공동프로젝트,HCC3036,3
강원혁신플랫폼일반현장실습,HCC3037,3
강원혁신플랫폼장기현장실습,HCC3038,9
강원혁신플랫폼심평원보건의료빅데이터분석실무,HCC3039,3
강원혁신플랫폼디지털헬스케어실무,HCC3040,3
강원혁신플랫폼메디컬디바이스실무,HCC3041,3
초학제융합과미래역량,HEC2001,3
공간보기공간풀기,HID1101,3
드로잉과표현기법,HID1102,3
공간조형,HID1103,3
기초설계제도,HID1104,3
BIM&디자인미디어,HID1105,3
실내건축디자인이론,HID2102,3
주거공간계획론,HID2104,3
실내건축디자인양식,HID2109,3
디지털패브리케이션,HID2111,3
실내건축스튜디오(1),HID2113,3
실내건축스튜디오(2),HID2114,3
실내건축구조및재료,HID2116,3
실내환경론,HID3110,3
실내건축스튜디오(3),HID3111,3
공간환경심리학,HID3112,3
공간디자인과문화,HID3113,3
환경색채학,HID3116,3
인간공학과디자인,HID3119,3
건축조명환경,HID3121,3
친환경실내건축,HID3122,3
건축과법,HID3123,3
한국전통공간과건축,HID3124,3
GIS공간기획,HID3125,3
실내건축스튜디오(4),HID3127,3
건축음향환경,HID3130,3
디지털디자인스튜디오,HID3131,3
AI와실내건축디자인,HID3132,3
생성AI와생성적디자인,HID3133,3
졸업스튜디오,HID4101,3
미래공간기획론,HID4102,3
조명디자인스튜디오,HID4103,3
실내환경제어시스템,HID4107,3
디자인경영,HID4108,3
현대실내건축,HID4110,3
환경디자인스튜디오,HID4112,3
공간마케팅,HID4115,3
공간디스플레이와코디네이션,HID4119,3
포트폴리오구성,HID4120,3
창업406:미래주택융합기술이론과 현장실습,HID4121,3
문화유적답사(1)ⓟ,HIS2005,1
문화유적답사(2)ⓟ,HIS2006,1
한국사학입문,HIS2101,3
고고학개론,HIS2103,3
한국고대사,HIS2104,3
한국중세사(1),HIS2105,3
한국중세사(2),HIS2106,3
한국현대사,HIS2110,3
동양사학입문,HIS2401,3
서양사학입문,HIS2701,3
역사학입문,HIS2702,3
영국사,HIS2703,3
미국사,HIS2704,3
프랑스사,HIS2705,3
독일사,HIS2706,3
한국근대사,HIS2713,3
중국경제의흐름과역사,HIS2714,3
중국의소수민족과역사,HIS2715,3
일본과세계,HIS2716,3
박물관학개론,HIS2717,3
세계문화유산의이해,HIS2718,3
세계전쟁사,HIS2719,3
여행의역사,HIS2720,3
신석기·청동기문화연구,HIS3103,3
한국역사고고학,HIS3105,3
한국고대생활사탐구,HIS3107,3
한국중세국제교류사,HIS3109,3
한국중세사회경제사,HIS3110,3
한국중세지성의세계,HIS3111,3
한국중세사회사특강,HIS3112,3
근대한국과제국주의,HIS3117,3
한국근대사상사,HIS3118,3
한국근대민족운동사,HIS3120,3
구석기시대연구,HIS3124,3
역사교육론,HIS3125,3
현대한국의사회문화사,HIS3126,3
중국문명의탄생과제국의형성,HIS3401,3
중국중세의정치와문화,HIS3402,3
중국근세의사회와문화,HIS3403,3
중국전통사회의동요와개혁,HIS3404,3
20세기중국혁명과사회구성,HIS3405,3
오늘의중국,HIS3406,3
중국사상사,HIS3407,3
중국의지배구조변천사,HIS3409,3
중국사논저의이해,HIS3412,3
고대일본의국가와사회,HIS3413,3
일본의봉건사회,HIS3414,3
일본근대사,HIS3415,3
20세기일본,HIS3416,3
일본사상사,HIS3418,3
일본사논저강독,HIS3421,3
고고문물로본중국역사,HIS3423,3
중국의역사와여성,HIS3424,3
내륙아시아사,HIS3426,3
바다에서본동서문화교류사,HIS3427,3
동남아시아사,HIS3428,3
인도의역사와문명,HIS3429,3
서남아시아사,HIS3431,3
동아시아지성사의흐름,HIS3433,3
매체와지식정보의동아시아사,HIS3437,3
전통중국의법과사회,HIS3442,3
서양고전고대,HIS3701,3
서양봉건사회,HIS3702,3
유럽세계의확대,HIS3706,3
르네상스와종교개혁,HIS3707,3
제국주의와전체주의,HIS3715,3
현대유럽,HIS3716,3
최근의구미정세,HIS3717,3
서양의역사와여성의역사,HIS3724,3
서양문명의발전과환경의변화,HIS3725,3
중부유럽사,HIS3728,3
역사영화와기억문화,HIS3730,3
러시아사,HIS3731,3
스페인사,HIS3732,3
이탈리아사,HIS3733,3
동유럽사,HIS3734,3
비잔틴제국사,HIS3735,3
라틴아메리카사,HIS3736,3
서양근대정치사,HIS3737,3
서양의법전통,HIS3739,3
한국고대경제와사회,HIS3743,3
한국근현대사회경제사,HIS3744,3
한국현대국제관계사,HIS3745,3
유라시아고고학,HIS3986,3
한국사특강(1),HIS3987,3
한국사특강(2),HIS3988,3
북한현대사,HIS3989,3
중세사회의변화와조선건국,HIS3990,3
고대한국과동아시아세계,HIS3991,3
조선시기의정치와사상,HIS3992,3
한국중세의국가와사회,HIS3993,3
고려시대생활문화사,HIS3994,3
조선시대법제사,HIS3995,3
한국고대금석문연습,HIS4103,3
한국중세의국가와농민,HIS4104,3
고려시기문헌자료연습,HIS4114,3
조선시기문헌자료연습,HIS4115,3
조선시기정치사상사특강,HIS4116,3
공통사회교육론,HIS4117,2
고고학연구법,HIS4120,3
중국과아시아,HIS4402,3
중국사특강,HIS4404,3
동아시아의생태와환경,HIS4405,3
동아시아사특강,HIS4408,3
중국사연습,HIS4409,3
일본사연습,HIS4410,3
서양사강독,HIS4703,3
서양사특강,HIS4705,3
서양사연습,HIS4706,3
기독교와이슬람,HIS4707,3
서양근대사조,HIS4708,3
역사연구의방법과이론,HIS4710,3
근대유럽의예술과사회,HIS4712,3
중세의책과독서,HIS4713,3
지도와역사,HIS4748,3
성문법과관습법,HIS4749,3
제3세계의등장과도전,HIS4804,3
문화와제국주의,HIS4805,3
한국사와문화유산,HIS4806,3
역사논리및논술,HIS4807,3
근대개혁기자료연습,HIS4808,3
환경고고학,HIS4809,3
분단한국의지성사,HIS4810,3
소비의역사,HIS4811,3
동서양공연예술의이해,HUM2037,3
디지털언어데이터와인문학,HUM2038,3
인문학을위한코딩,HUM2039,3
인터랙티브스토리텔링디자인,HUM2040,3
컴퓨터를활용한언어분석,HUM2041,3
한국의세계유산과디지털리터러시,HUM2042,3
한국대중문화로읽는인문학,HUM2043,3
디지털미디어와포스트휴먼(성찰),HUM2044,3
디지털문학의창작과비평,HUM2045,3
인문학도를위한코딩(중급),HUM2046,3
디지털미디어와젠더(성찰과디자인),HUM2047,3
한국의유산:전통과지속가능성,HUM2048,3
인물로본한국사,HUM2049,3
디지털영상시대의이미지읽기,HUM2050,3
디지털인문학이란무엇인가,HUM2051,3
문명대전환시대와인문학,HUM2052,3
인문학도롤위한AI기초,HUM2053,3
동물이야기로보는인문학,HUM2054,3
인문학과법,HUM3001,3
20세기현대지성인사,HUM3002,3
인문공학,HUM3003,3
불확실한시대의인문학Ⅰ: 윤동주창작워크숍,HUM3004,3
윤동주와연세인문정신,HUM3005,3
가상현실:여행코리아콘텐츠제작,HUM3006,3
디지털담화처리의이해,HUM3007,3
인문학자양성세미나,HUM4001,3
국제개발협력의이해,IDC2001,3
글로벌빈곤과발전의이해,IDC2002,3
글로벌거버넌스와국제협력,IDC3001,3
국제개발협력현장실습,IDC3002,3
"다문화,젠더,발전문제",IDC3003,3
"리더십,NGO,지역사회발전",IDC3004,3
도시화와빈곤문제,IDC3005,3
빈곤과인적자원개발,IDC3006,3
국제개발과 사회정책,IDC3007,3
경제개발론,IDC3008,3
국제개발사례연구,IDC3009,3
국제개발프로젝트관리,IDC3010,3
국제행정론,IDC3011,3
"반부패,윤리,거버넌스",IDC3012,3
지역개발과국제개발,IDC3013,3
글로벌직무실습,IDC3018,3
공기업과사기업의혁신과가치창조,IDC3019,3
경제와기업경영,IDC3020,3
공공기관NCS의이해,IDC3021,3
국가마케팅,IDC3022,3
Y-GENT장기현장실습,IDC3024,12
사회적경제와지역개발,IDC3025,3
글로벌리더십,IDC3026,2
지속가능발전경력개발,IDC3027,3
지속가능발전지표와성과분석,IDC3028,3
지속가능지역개발의분석기법과전략수립,IDC3029,3
아시아행정론,IDC3030,3
국제개발이슈세미나,IDC4001,3
국제개발의정책분석과평가,IDC4002,3
자원개발과투자,IDC4003,3
제도형성과거버넌스,IDC4004,3
세계보건문제와국제개발,IDC4006,3
"기후변화,식량위기,농업개발",IDC4007,3
지속가능한발전세미나,IDC4008,3
인권및분쟁과갈등해결,IDC4009,3
지역및국가발전사례연구,IDC4010,3
글로벌행정현장실습(1),IDC4011,1
글로벌행정현장실습(2),IDC4012,1
글로벌행정현장실습(3),IDC4013,1
글로벌행정현장실습(4),IDC4014,1
해외봉사및연구,IDC4015,3
해외학술조사연구,IDC4016,3
SODO학부연구(1),IDC4017,2
SODO학부연구(2),IDC4018,2
학부연구(1),IDC4019,2
학부연구(2),IDC4020,2
학부연구(3),IDC4021,2
학부연구(4),IDC4022,2
INTRODUCTION TO INFORMATION AND INTERACTION DESIGN,IID1001,3
BASIC DRAWING,IID1002,3
BASIC DRAWING,IID1005,2
COLOR DESIGN,IID1006,3
INTRODUCTION TO DIGITAL TOOLS,IID1008,3
COMMUNICATING WITH TYPE,IID2001,3
PHOTOGRAPHY WORKSHOP,IID2002,3
INFORMATION AND PERCEPTION,IID2003,3
BRAND IN MOTION,IID2005,3
DESIGN HISTORY,IID2010,3
INDUSTRIAL DESIGN BASICS,IID2011,3
INFORMATION ARCHITECTURE,IID2012,3
THEORIES AND PRACTICES OF PUBLIC ART,IID2013,3
PRESENTATION SKILLS,IID2015,3
THEORIES AND PRACTICES OF MEDIA ART,IID2016,3
DATA VISUALIZATION,IID2017,3
UNDERGRADUATE TUTORIAL SEMINAR((INTRODUCTION TO HCI),IID2018,1
INTRODUCTION TO SOCIAL COMPUTING,IID2019,3
PSYCHOLOGY FOR DESIGN,IID2020,3
CRITICAL STUDIES OF VISUAL IMAGES,IID2100,3
MEDIA AND SOCIETY,IID2101,3
EDITORIAL DESIGN,IID3002,3
APPLICATIONS OF TECHNOLOGY,IID3003,3
INTERACTION DESIGN,IID3004,3
USER EXPERIENCE PROTOTYPING,IID3005,3
TYPE IN MOTION,IID3007,3
VISUAL SYSTEM,IID3008,3
HCI SEMINAR,IID3012,2
USER EXPERIENCE RESEARCH METHODS,IID3013,3
CONTEXT MAPPING: INTERACTION MODEL FOR GAME DESIGN,IID3014,3
TECH HUBS: ARVR TECHNIQUES,IID3015,3
HUMAN-CENTERED MACHINE LEARNING,IID3017,3
SOCIAL DIGITAL INNOVATION PROJECTS,IID3018,3
DEEP LEARNING,IID3019,3
TOUCHDESIGNER PROJECT PROTOTYPING AND DEVELOPMENT,IID3021,3
GENERATIVE SYSTEMS IN DESIGN AND MEDIA ART,IID3022,3
AI CONTENT CREATION: IMAGE AND VIDEO,IID3023,3
AI-DRIVEN BRAND SYSTEM,IID3025,3
SENIOR PROJECT,IID4002,3
DESIGN AND INNOVATION IN REAL BUSINESS,IID4007,3
UT세미나,IIE2002,1
산업공학개론,IIE2101,3
산업정보관리론,IIE2102,3
OR확정모델,IIE2104,3
데이터분석,IIE2107,3
산업공학기초통계,IIE2109,3
정보프로그래밍,IIE2110,3
공학리더십,IIE2111,3
산업공학기초수학,IIE2112,3
OR확률모델,IIE3101,3
생산계획론,IIE3102,3
머신러닝과산업응용,IIE3104,3
공급망경영,IIE3105,3
품질공학,IIE3107,3
시뮬레이션,IIE3110,3
금융공학,IIE3111,3
기술혁신경영,IIE3113,3
하이테크제품마케팅,IIE3114,3
하이테크시장분석,IIE3116,3
경영과학설계,IIE4101,3
데이터마이닝이론및응용,IIE4102,3
지식추론과텍스트마이닝,IIE4103,3
생산시스템분석,IIE4105,3
테크노비즈니스디자인,IIE4106,3
투자공학,IIE4111,3
ICT경영,IIE4114,3
인간컴퓨터상호작용,IIE4115,3
혁신네트워크경제,IIE4117,3
단순화전략,IIE4118,3
신뢰성공학,IIE4121,3
인공지능최적화,IIE4122,3
딥러닝과응용,IIE4123,3
최적화이론및응용,IIE4124,3
컴퓨터운영체계,IIT3002,3
정보전달이론,IIT3003,3
디지털시스템,IIT3004,3
이산신호처리,IIT3012,3
센서,IIT3016,3
신호및시스템실험,IIT3017,3
융합공학의이해,IIT3018,1
객체지향프로그래밍및자료구조,IIT3104,3
컴퓨터시스템및시스템프로그래밍,IIT3301,3
전자기및파동,IIT3302,3
피드백시스템,IIT3303,3
데이터프로그래밍,IIT3308,3
양자컴퓨팅개론,IIT3309,3
에너지융합,IIT4311,3
실전창업사례분석,ILA3001,3
창업비즈니스전략,ILA3002,3
스마트비즈니스창업,ILA3003,3
기술사업화의이해,ILA3006,3
지식재산권의이해,ILA3007,3
기업의특허전략과특허분쟁,ILA3008,3
개방형혁신을위한기술거래실무,ILA3009,3
국제관계학개론,INT1002,3
국제법,INT2015,3
한국정치연구,INT3001,3
정치사상특강,INT3002,3
국제화와한국정치경제,INT3003,3
현대정치이론,INT3004,3
국제협상론,INT3005,3
국제지역비교연구,INT3006,3
미국의대외관계,INT3007,3
동북아정치경제,INT3008,3
일본연구의쟁점,INT3009,3
러시아연구의쟁점,INT3010,3
한국의국제관계,INT3013,3
동남아지역연구,INT3015,3
국제기구론,INT3016,3
유럽지역연구,INT3017,3
중국지역연구,INT3018,3
러시아동구지역연구,INT3019,3
북한지역연구,INT3020,3
중국연구의쟁점,INT3021,3
국제분쟁과평화연구,INT3022,3
한국정부와정치,INT3023,3
비교정치체제론,INT3027,3
국제관계분석도구,INT3029,3
국제정치경제론,INT3031,3
국제관계이론,INT3032,3
일본지역연구,INT3033,3
북미지역연구,INT3034,3
국제관계사,INT3035,3
외교정책론,INT3036,3
세계화의개념과사례,INT3038,3
정치학의쟁점,INT3039,3
국제정치의이해,INT3040,3
동아시아의전쟁과평화,INT3041,3
국제관계인턴십,INT3044,1
국제관계인턴십,INT3045,2
국제관계인턴십,INT3046,3
국제관계인턴십,INT3047,4
중국외교정책,INT3048,3
국제화와지방정치,INT3049,3
정치경제학특강,INT3050,3
남북한관계론,INT3051,3
국제무역의정치경제,INT3052,3
국제법과갈등조정,INT3053,3
MEDICI 장기 현장실습,INT3054,9
동북아국제안보,INT3055,3
거시정치경제의이해,INT3060,3
글로벌직무실습,INT3061,3
공기업과사기업의혁신과가치창조,INT3062,3
경제와기업경영,INT3063,3
공공기관NCS의이해,INT3064,3
국가마케팅,INT3065,3
Y-GENT장기현장실습,INT3066,12
동아시아안보와국제정치,INT3067,3
일본정치경제의쟁점,INT3068,3
러시아외교의쟁점,INT3069,3
국제정치경제의최신쟁점,INT3070,3
동아시아협력과공공외교,INT3071,3
유럽의정치경제,INT3072,3
비교정치경제,INT3073,3
중국정치경제,INT3074,3
리빙랩과사회혁신,INT3075,3
세계시민교육과협동조합,INT3076,3
글로벌리더십,INT3077,2
전선,INT3078,3
국제환경과경영,INT3079,3
영사외교의 이해,INT3080,3
공공기관과홍보마케팅,INT3081,3
공공기관세미나,INT3082,3
공공기관과한국관광마케팅,INT3083,3
연세-DUFL국제관계세미나,INT3084,3
시사IR중국어(1),INT3085,3
자원환경과국제관계,INT4003,3
공공외교이론과실제,INT4008,3
공공외교세미나,INT4015,3
영화와정치,INT4019,3
국제금융의이해,INT4021,3
개발협력의글로벌거버넌스,INT4022,3
해외봉사및연구,INT4023,3
국제관계캡스톤디자인,INT4024,3
해외학술조사연구,INT4027,3
동아시아공공외교실습(캡스톤디자인),INT4028,3
SODO학부연구(1),INT4029,2
SODO학부연구(2),INT4030,2
국제관계와게임,INT4031,3
국제지역연구인턴십(Y-GENT),INT4032,12
INTRODUCTION TO INTERNATIONAL STUDIES,ISM1001,3
INTERNATIONAL POLITICAL ECONOMY,ISM2101,3
CULTURE AND GLOBALIZATION,ISM2102,3
GLOBAL STRATEGY AND MANAGEMENT,ISM2103,3
FINANCIAL MARKETS AND GLOBAL FINANCIAL INSTITUTIONS,ISM2104,3
RULE OF LAW IN THE GLOBAL CONTEXT,ISM2106,3
POLITICS AND BUSINESS IN KOREA,ISM2107,3
INFORMATION SYSTEMS AND INFORMATION SOCIETY,ISM2108,3
THEORIES OF POLITICAL ECONOMY,ISM2110,3
INTERNATIONAL MONEY AND CAPITAL MARKETS,ISM2112,3
INTRODUCTION TO INTERNATIONAL LAW,ISM2113,3
FINANCIAL INSTITUTIONS AND GLOBAL FINANCIAL SYSTEM,ISM2114,3
KOREAN MODEL AND INTERNATIONAL DEVELOPMENT COOPERATION,ISM2116,3
POSTCOLONIAL URBANISM IN ASIA,ISM2117,3
UNDERSTANDING THE CONTEMPORARY AUSTRALIAN SOCIETY,ISM2118,3
INVESTMENT ANALYSYS AND GLOBAL MANAGEMENT,ISM2119,3
HUMAN RIGHTS: ISSUES AND PROBLEMS,ISM2120,3
NUCLEAR WEAPONS AND GEOPOLITICS,ISM2122,3
K-CULTURE AND THE WORLD,ISM2123,3
INTERNATIONAL LAW AND GOVERNANCE,ISM3101,3
UN & INTERNATIONAL ORGANIZATIONS,ISM3103,3
GAME THEORY AND STRATEGIC DECISION MAKING,ISM3104,3
POLITICAL ECONOMY OF DEVELOPMENT,ISM3105,3
COMPARATIVE FOREIGN POLICIES,ISM3106,3
DEVELOPMENT COOPERATION AND FOREIGN AID,ISM3107,3
INTERNATIONAL CONFLICT AND COOPERATION,ISM3108,3
GLOBAL FINANCE AND INDUSTRY,ISM3109,3
ASEAN AND OCEANIA,ISM3110,3
CONTEMPORARY INTERNATIONAL LAW,ISM3111,3
EAST ASIAN HISTORY,ISM3501,3
EAST ASIAN ECONOMIC DEVELOPMENT,ISM3502,3
EAST ASIAN INTERNATIONAL RELATIONS,ISM3503,3
INTRODUCTION TO THE US LAW,ISM3505,3
PROBLEMS IN INTERNATIONAL SECURITY,ISM3506,3
INTERNATIONAL COMMERCIAL POLICY,ISM3508,3
INTERNATIONAL TRADE LAW,ISM3509,3
MODERN CHINESE HISTORY,ISM3510,3
IMPERIAL CHINA,ISM3511,3
HUMANITARIAN INTERVENTION: THEORY AND PRACTICE,ISM3512,3
HISTORY OF GLOBALIZATION AND DEVELOPMENT,ISM3513,3
TRANSNATIONALISM AND MIGRATION,ISM3515,3
"EAST ASIA: STATE, SOCIETY AND CULTURE",ISM3517,3
CONFLICT IN THE MIDDLE EAST,ISM3518,3
KOREAN DEVELOPMENT,ISM3520,3
GLOBALIZATION AND ITS ISSUES,ISM3521,3
NEW ERA OF GLOBAL FINANCIAL SYSTEM,ISM3522,3
BRICS AND NEW EMERGING POWERS,ISM3523,3
INTERNATIONAL ORGANIZATIONS AND LAW,ISM3524,3
CYBERSECURITY,ISM3527,3
EAST AND WEST: FUNDAMENTALS OF WORLD POLITICS,ISM3528,3
INTERNATIONAL NEGOTIATION,ISM3529,3
REALISM IN THE REAL WORLD,ISM3531,3
PROJECT DESIGN AND MANAGEMENT FOR INTERNATIONAL COOPERATION,ISM3532,3
INTERNATIONAL HUMAN RIGHTS: CONCEPTS AND CONTROVERSIES,ISM3533,3
COMPARATIVE CONSTITUTIONAL TRADITIONS,ISM3534,3
AFRICAN DEVELOPMENT,ISM3535,3
UNDERSTANDING EAST ASIA,ISM3537,3
JAPANESE STATE AND SOCIETY,ISM4501,3
POLITICAL ECONOMY OF KOREAN DEVELOPMENT,ISM4502,3
MODERN KOREAN HISTORY 󰎇,ISM4503,3
MODERN KOREAN SOCIETY 󰎇,ISM4504,3
NORTH KOREAN POLITICS AND NORTH KOREA 󰎇,ISM4505,3
MODERN KOREA-JAPAN RELATIONS 󰎇,ISM4506,3
CHINESE ECONOMY,ISM4507,3
A NEW CONTEXT OF CHINESE FOREIGN POLICY,ISM4508,3
POLITICAL ECONOMY OF JAPAN,ISM4509,3
AMERICA AND THE WORLD,ISM4510,3
AMERICAN FOREIGN RELATIONS,ISM4511,3
US HISTORY,ISM4512,3
EUROPEAN UNION,ISM4513,3
EMERGING MARKETS AND WORLD ECONOMY: BRICS,ISM4514,3
HISTORY OF KOREA-US RELATIONS 󰎇,ISM4515,3
CONTEMPORARY CHINESE POLITICS,ISM4517,3
POLITICS IN NORTHEAST ASIA,ISM4518,3
GLOBAL FINANCE AND CORPORATE GOVERNANCE,ISM4519,3
GLOBAL GOVERNANCE AND REGIONALISM,ISM4520,3
SENIOR RESEARCH SEMINARS IN INTERNATIONAL STUDIES,ISM4801,3
"LAW, ECONOMICS, AND COMPETITION",ISM4803,3
ECONOMICS OF INTERNATIONAL DEVELOPMENT,ISM4804,3
NGOS AND DEVELOPMENT,ISM4808,3
MODERN CHINA-KOREA RELATIONS,ISM4809,3
GLOBAL JUSTICE,ISM4812,3
IMPERIALISM AND THE WORLD,ISM4813,3
경제학원론,IST2001,3
SW시스템입문,IST2003,3
통계학개론,IST2006,3
통계분석방법론,IST2007,3
탐색적자료분석,IST2009,3
응용확률모형론,IST3002,3
통계자료분석(1),IST3004,3
표본조사방법론,IST3005,3
통계자료분석(2),IST3006,3
정보시스템응용,IST3009,3
데이터베이스,IST3010,3
인터넷정보분석,IST3011,3
의학통계,IST3012,3
데이터마이닝,IST3013,3
회귀분석,IST3016,3
통계상담,IST3018,3
실험계획법,IST3020,3
시뮬레이션,IST3022,3
선형대수,IST3024,3
사회조사분석론,IST3025,3
데이터사이언스프로그래밍,IST3030,3
데이터사이언스SW실습,IST3031,3
수리통계학,IST3032,3
고객관리기법,IST3034,3
빅데이터분석,IST3038,3
딥러닝입문,IST3043,3
비모수통계론,IST4002,3
품질관리,IST4003,3
통계학연습,IST4004,3
통계분석프로젝트,IST4007,3
범주형자료분석,IST4008,3
다변량통계분석,IST4009,3
확률과정론,IST4010,3
보험통계학,IST4011,3
회귀분석응용,IST4012,3
시계열분석,IST4014,3
시뮬레이션,IST4015,3
학부연구(1),IST4017,2
학부연구(2),IST4018,2
데이터분석모델링캡스톤디자인,IST4019,3
정보산업기업체현장실습(1),IST4020,1
정보산업기업체현장실습(2),IST4021,1
정보산업기업체현장실습(3),IST4022,1
정보산업기업체현장실습(4),IST4023,1
인공지능과머신러닝,IST4026,3
생존분석,IST4027,3
헬스케어빅데이터분석,IST4028,3
객체지향프로그래밍,ITD2004,3
기초데이터구조,ITD2010,3
기초알고리즘,ITD2011,3
융합SW-PBL,ITD3033,3
융합SW인턴십,ITD3034,3
융합SW프로젝트,ITD3035,3
일본학입문,JAP3102,3
일본문화와사회,JAP3104,3
INTRODUCTION TO JUSTICE AND CIVIL LEADERSHIP,JCL1001,3
POLITICAL THOUGHT: CONCEPTS AND CASE STUDIES,JCL1002,3
INTRODUCTION TO LEGAL STUDIES,JCL1003,3
ETHICS AND POLICY,JCL1004,3
THE CONCEPT OF JUSTICE,JCL1005,3
FUNDAMENTALS OF CONSTITUTIONALISM,JCL2003,3
"SOCIAL JUSTICE: THEORY, POLICY, AND LAW",JCL2005,3
UNITED NATIONS AND GLOBAL JUSTICE,JCL2010,3
HUMAN RIGHTS: FOUNDATIONS AND CONTEMPORARY ISSUES,JCL2012,3
INTRODUCTION TO U.S. LAW,JCL2013,3
UNDERGRADUATE TUTORIAL SEMINAR,JCL2014,1
PRINCIPLES OF LEADERSHIP,JCL2015,3
INTRODUCTION TO KOREAN CRIMINAL LAW,JCL2016,3
CURRENT ISSUES IN INTERNATIONAL LAW,JCL3001,3
COMPARATIVE KOREAN COMMERCIAL LAW,JCL3003,3
GLOBAL GOVERNANCE AND DIPLOMATIC PRACTICE,JCL3004,3
"LAW, JUSTICE AND SOCIETY",JCL3005,3
PHILOSOPHICAL FOUNDATIONS OF LAW AND POLITICS,JCL3006,3
NEGOTIATION SCIENCE & PRACTICE,JCL3007,3
INTERNATIONAL ECONOMIC ORDER: NORMS AND,JCL3009,3
GLOBAL ENVIRONMENTAL LAW AND DIPLOMACY,JCL3101,3
INTERNATIONAL INTELLECTUAL PROPERTY LAW,JCL3103,3
BUSINESS ETHICS AND SOCIAL RESPONSIBILITY,JCL3106,3
INTRODUCTION TO CONTRACT AND TORT LAW,JCL3107,3
BIOETHICS,JCL3108,3
CRIMINAL LAW AND PROCEDURE,JCL3109,3
KOREAN CONSTITUTIONAL LAW,JCL3110,3
KOREAN CIVIL LAW AND SOCIETY,JCL3111,3
GLOBAL TRADE AND HUMAN RIGHTS,JCL3112,3
LAW AND PSYCHOLOGY,JCL3114,3
THE RULE OF LAW IN THEORY AND PRACTICE,JCL4002,3
EUROPEAN UNION LAW AND POLITICS,JCL4007,3
PHILOSOPHY OF PUNISHMENT,JCL4008,3
SOCIAL MEDIA AND SOCIETY,JCL4009,3
POLICY ANALYSIS: JUSTICE AND LEADERSHIP,JCL4010,3
SEMINAR: SOCIAL MOVEMENTS AND POLITICAL ACTION,JCL4011,3
LAW AND HISTORY OF FOREIGN INVESTMENT,JCL4012,3
CASES AND ISSUES IN KOREAN CRIMINAL LAW,JCL4013,3
ANGLO-AMERICAN LAW AND LEGAL ENGLISH,JCL4015,3
한국어학입문,KLL1001,3
한국근현대문학입문,KLL1002,3
한국어문법,KLL2001,3
한국근현대문학사,KLL2002,3
한문과고전의이해(2),KLL2005,3
한국고전문학입문,KLL2006,3
미디어와대중문학,KLL2008,3
국어표기법변천사,KLL3002,3
한국현대문학의이해,KLL3003,3
중세국어강독,KLL3006,3
고전의현대적해석,KLL3014,3
비교문학입문,KLL3015,3
한국근현대소설사,KLL3016,3
시문학사,KLL3017,3
한국현대소설강독,KLL3018,3
수필문학론,KLL3019,3
고전소설론,KLL3020,3
구비문학론,KLL3022,3
한국한시의감상(2),KLL3024,3
현대시와시론,KLL3027,3
비교문학,KLL3029,3
국어음운론,KLL3030,3
한국근대소설의이해,KLL3031,3
국어사,KLL3032,3
시조가사론,KLL3033,3
희곡론,KLL3035,3
한국현대시강독,KLL3041,3
고전시가강독,KLL3042,3
근현대국어학자료강독,KLL3045,3
한국한시의감상,KLL3046,3
근대서사이론,KLL3047,3
조선후기문학사,KLL3048,3
한문과고전의이해(1),KLL3049,3
시가문학의전통과근대,KLL3050,3
근대미디어와문학,KLL3051,3
인공지능과한국어자료처리,KLL3052,3
한국문학과문화기획,KLL3053,3
한국근대전환기문학연구,KLL3090,3
근대영상미디어론,KLL3091,3
근대작가론,KLL3092,3
근대미디어와한자콘텐츠,KLL3093,3
한국근대문학과고전물명의전통,KLL3094,3
국어통사론,KLL3095,3
국어교육론,KLL3096,3
현대문학사상사,KLL4003,3
고전시가문학사,KLL4004,3
고려가요론,KLL4005,3
국어형태론,KLL4011,3
텍스트비평론,KLL4012,3
근대비평사,KLL4013,3
국어의미론,KLL4017,3
동아시아비교문학,KLL4018,3
뉴미디어콘텐츠제작실습(캡스톤디자인),KLL4019,3
근대한국어문학콘텐츠세미나,KLL4020,3
한국어문학콘텐츠현장실습(1),KLL4021,1
한국어문학콘텐츠현장실습(2),KLL4022,1
한국어문학콘텐츠현장실습(3),KLL4023,1
한국어문학콘텐츠현장실습(4),KLL4024,1
근대한국어문학답사,KLL4025,1
학부연구(1),KLL4026,2
학부연구(2),KLL4027,2
한국어문학의이해,KOR1001,3
우리말연구의첫걸음,KOR1101,3
문학이란무엇인가,KOR1102,3
한국고전문학의이해,KOR1106,3
주니어세미나,KOR2001,1
UT세미나,KOR2002,1
진로개발세미나,KOR2003,1
현대사회와문학,KOR2301,3
한글소설과한문소설,KOR2303,3
시쓰기,KOR2304,3
한국의옛날책,KOR2305,3
고전소설의이해,KOR2306,3
소설쓰기,KOR2308,3
현대소설읽기,KOR2309,3
희곡론,KOR2310,3
현대시읽기,KOR2312,3
한국문학해석론,KOR2313,3
뉴미디어와디지털스토리텔링,KOR2314,3
생존한국어:디지털시대의모바일학습,KOR2315,3
고전문학과대중문화의근대적형성,KOR2316,3
디지털인터렉티브스토리텔링,KOR2317,3
뉴미디어와복합양식적쓰기,KOR2318,3
국어정서법,KOR2401,3
언어학의이해,KOR2413,3
외국어로서의한국어교육론,KOR2414,3
한문과고전의이해(2),KOR2504,3
한문과고전의이해(1),KOR2505,3
한문학의이해,KOR2506,3
고전문학전공을위한한문,KOR2507,3
언어지지학의기초,KOR2508,3
고전문학과인접예술,KOR2509,3
현대문화이론,KOR2510,3
한국의노래,KOR2511,3
한국고전시가의이해,KOR2512,3
고전문학과교육,KOR2513,3
한국근대문학사,KOR3301,3
한국고전문학사,KOR3302,3
한글고전소설읽기,KOR3303,3
현대소설특강,KOR3304,3
한국고전비평,KOR3305,3
한국현대소설강독,KOR3306,3
현대작가연구,KOR3307,3
현대문학이론,KOR3308,3
문헌설화읽기,KOR3309,3
영상문학론,KOR3310,3
고전시가읽기,KOR3311,3
현대시특강,KOR3312,3
고려가요론,KOR3313,3
고전시가문학사,KOR3314,3
시조가사론,KOR3315,3
고전소설의출판과유통,KOR3316,3
한국문학과세계문학읽기,KOR3317,3
문학평론쓰기,KOR3318,3
고전문학과민속,KOR3319,3
문화비평쓰기,KOR3330,3
국어형태론,KOR3402,3
국어통사론,KOR3404,3
우리말의어제와오늘,KOR3406,3
국어어휘론,KOR3408,3
국어정보학,KOR3409,3
국어화용론,KOR3410,3
국어음성학,KOR3411,3
국어방언학,KOR3412,3
국어학연구방법론,KOR3413,3
사회언어학,KOR3414,3
글쓰기의이론과실제,KOR3415,3
이중언어의이해,KOR3416,3
글쓰기문장연구,KOR3417,3
한국한문학작가론,KOR3501,3
한국한시,KOR3502,3
한국고전명문읽기,KOR3508,3
한국한문학사,KOR3509,3
문자학,KOR3510,3
국어의미론,KOR3511,3
국어음운론,KOR3512,3
한국구전이야기의탐색,KOR3513,3
국어교육론,KOR3514,3
이야기와한국사회,KOR3515,3
국어논리및논술,KOR3516,3
한국어교수법,KOR3517,3
고전문학과공연예술,KOR3518,3
현대문화실습,KOR3519,3
텍스트분석과작성,KOR3520,3
고전문학과젠더,KOR3521,3
한국어평가론,KOR3522,3
한국어교육과정론,KOR3523,3
현대문학과문화,KOR3524,3
중세국어자료강독,KOR3525,3
언어습득론,KOR3526,3
구술과연행,KOR3527,3
한국어말뭉치언어학의이해,KOR3528,3
한국문학과역사,KOR3529,3
문학과게밍,KOR3530,3
근대시가론,KOR3531,3
한국신화의이해,KOR3532,3
한국영화비평사,KOR3534,3
크리에이티브콘텐츠제작,KOR3535,3
동아시아비교문학,KOR3537,3
동시대한국문학과세계문학,KOR3538,3
기록문학읽기,KOR4303,3
비평론,KOR4305,3
남북한문학읽기,KOR4306,3
향가론입문,KOR4307,3
국문학특강,KOR4309,3
한국근대문학원전읽기,KOR4311,3
국어학자료강독,KOR4401,3
국어문법학사,KOR4402,3
훈민정음강독,KOR4403,3
국어사전편찬학,KOR4404,3
자료전산처리방법론,KOR4406,3
한국어문법교육론,KOR4407,3
한국어이해교육론,KOR4408,3
한국어표현교육론,KOR4409,3
한국어어휘교육론,KOR4410,3
한국한시의감상(2),KOR4503,3
고전소설과판소리,KOR4505,3
고전문학과문화콘텐츠,KOR4506,3
구술과서사,KOR4507,3
고전문학과공간,KOR4508,3
현대비평읽기,KOR4601,3
전근대의문학문화교류,KOR4602,3
이야기분석론,KOR4603,3
한국어문학과콘텐츠,KOR4604,3
한국학입문(1),KOS3101,3
트랜스내셔널한류,KOS3104,3
한국과세계문화예술의비평,KOS3108,3
전필,KSC2001,3
전필,KSC2002,3
전선,KSC2003,3
전선,KSC2004,3
전선,KSC2005,3
전선,KSC2006,3
전선,KSC2007,3
전선,KSC3001,3
전선,KSC3002,3
전선,KSC3003,3
전필,KSC3004,3
전필,KSC3005,3
전선,KSC3006,3
전선,KSC3007,3
전선,KSC3008,3
전선,KSC3009,3
전선,KSC3010,3
전선,KSC3011,3
전선,KSC3012,3
전선,KSC3013,3
전선,KSC3014,3
전선,KSC3015,3
전선,KSC3016,3
전선,KSC3017,3
전선,KSC4001,3
전선,KSC4002,3
전선,KSC4003,3
전선,KSC4004,3
전선,KSC4005,3
전선,KSC4006,3
전선,KSC4007,3
전선,KSC4008,3
전선,KSC4009,3
전선,KSC4010,3
전선,KSC4011,3
전선,KSC4012,3
리더십워크숍(필수)ⓟ,LEA3101,3
국제법(1),LEG3010,3
문헌정보학입문,LIS1101,3
정보기술론,LIS1102,3
UT세미나,LIS2001,1
웹인터페이스설계,LIS2403,3
장서개발론,LIS2601,3
뉴미디어,LIS2801,3
정보조사제공론,LIS2804,3
정보이용자교육론,LIS2805,3
정보시스템분석,LIS2806,3
정보윤리,LIS2808,3
기록관리론,LIS2809,3
프로그래밍기초,LIS2810,3
데이터융합및서비스,LIS2811,3
데이터사이언스개론,LIS2812,3
도서관정보센터경영론,LIS3301,3
도서관정보센터경영의실제,LIS3304,3
학술정보커뮤니케이션,LIS3305,3
웹시스템개발,LIS3306,3
도서관정보서비스의특수문제,LIS3404,3
정보조직론:목록,LIS3605,3
정보서비스평가,LIS3612,3
데이터베이스시스템,LIS3701,3
사회정보학,LIS3806,3
정보조직론:분류,LIS3807,3
학술정보웹사이트구축론,LIS3808,3
인문학콘텐츠구축론,LIS3809,3
학교도서관매체센터경영,LIS3811,3
텍스트정보처리론,LIS3813,3
정보이용자론,LIS3814,3
정보관리실습,LIS3815,2
메타데이터,LIS3816,3
응용머신러닝,LIS3821,3
공공도서관경영,LIS4302,3
정보검색론,LIS4701,3
정보처리연습,LIS4703,3
소셜네트워크서비스론,LIS4704,3
디지털도서관구축론,LIS4801,3
정보정책론,LIS4802,3
문헌정보통계,LIS4803,3
지식관리론,LIS4804,3
정보표준화론,LIS4805,3
도서관정보센터마케팅,LIS4807,3
정보시각화,LIS4809,3
텍스트마이닝,LIS4810,3
컬처로믹스,LIS4811,3
딥러닝개론,LIS4813,3
진로탐색특강,LSB2202,1
생화학 I,LSB3101,3
생화학 II,LSB3102,3
세포생물학 I,LSB3202,3
CELL BIOLOGY,LSB3203,3
GENETICS,LST2003,3
ADVANCED EXPERIMENT IN LIFE SCIENCE & TECHNOLOGY,LST3001,3
APPLIED BIOTECHNOLOGY,LST3003,3
JUNIOR INDEPENDENT STUDY,LST3103,3
MOLECULAR BIOLOGY,LST3104,3
DEVELOPMENTAL BIOLOGY,LST3206,3
SENIOR INDEPENDENT STUDY,LST4001,3
CANCER BIOLOGY,LST4002,3
CANCER DEVELOPMENT,LST4003,3
미분적분학과벡터해석(1),MAT1001,3
미분적분학과벡터해석(2),MAT1002,3
공학수학(1),MAT1011,3
공학수학(2),MAT1012,3
미분적분학과벡터해석(심화)(1),MAT1016,3
미분적분학과벡터해석(심화)(2),MAT1017,3
고등미적분학(1),MAT2001,3
고등미적분학(2),MAT2002,3
선형대수와그응용,MAT2011,3
확률통계,MAT2013,3
수학과프로그래밍,MAT2014,3
공학수학(3),MAT2016,3
공학수학(4),MAT2017,3
수학진로탐색(1),MAT2082,1
수학진로탐색(2),MAT2083,1
선형대수(1),MAT2102,3
통계학,MAT2103,3
집합론,MAT2104,3
과학계산,MAT2105,3
이산수학,MAT2106,3
상미분방정식,MAT2421,3
대수적위상수학,MAT3101,3
미분기하(2),MAT3102,3
미분기하(1),MAT3103,3
해석학(1),MAT3104,3
해석학(2),MAT3105,3
현대대수(1),MAT3109,3
현대대수(2),MAT3110,3
확률론,MAT3111,3
복소해석학,MAT3112,3
확률과정론,MAT3113,3
수치해석,MAT3114,3
수리논리,MAT3117,3
편미분방정식,MAT3118,3
조합론,MAT3119,3
선형대수(2),MAT3120,3
정수론,MAT3121,3
위상수학,MAT3122,3
기계학습과 응용,MAT3123,3
푸리에해석및응용,MAT3984,3
수학사,MAT3985,3
수학특강(1),MAT4105,3
수학특강(2),MAT4106,3
호몰로지대수,MAT4108,3
체론,MAT4112,3
암호론,MAT4115,3
보험및금융수학,MAT4116,3
전산통계학,MAT4117,3
금융수학,MAT4119,3
복소기하,MAT4120,3
대수기하,MAT4331,3
"대수학I , II",MAT6200,3
"실해석학(I, II)",MAT6400,3
인체해부학,MBE1003,3
인체생리학,MBE2003,3
회로이론및실습,MBE2004,3
생체신호및시스템,MBE2010,3
공학확률,MBE2012,3
디지털시스템및실험,MBE2015,3
전자회로및실습,MBE2018,3
바이오공학,MBE2020,3
기초실험(1),MBE2022,3
기초실험(2),MBE2023,3
의료영상학1,MBE3019,3
고급컴퓨터프로그래밍,MBE3020,3
세포역학,MBE3027,3
마이크로프로세서및실험,MBE3028,3
디지탈신호처리,MBE3029,3
의용계측,MBE3030,3
생체역학,MBE3037,3
생화학,MBE3039,3
기업실무(1)ⓟ,MBE3041,1
기업실무(2)ⓟ,MBE3042,1
기업실무(3)ⓟ,MBE3043,1
기업실무(4)ⓟ,MBE3044,1
바이오기계공학,MBE3045,3
의공학논술,MBE3047,3
캡스톤디자인,MBE3051,3
의공종합설계실험1,MBE3053,3
생체유기화학,MBE3055,3
의공데이터분석,MBE3058,3
의공학을위한기계학습,MBE3059,3
생체동역학,MBE3060,3
생체유체역학,MBE3061,3
열역학,MBE3062,3
의광학시스템설계,MBE3063,3
STEAM종합설계,MBE3064,3
바이오센서공학,MBE4009,3
바이오멤스의응용,MBE4010,3
학부연구(1)ⓟ,MBE4013,2
학부연구(2)ⓟ,MBE4014,2
학부연구(3)ⓟ,MBE4015,2
학부연구(4)ⓟ,MBE4016,2
심혈관생체역학,MBE4019,3
의용로봇공학,MBE4020,3
스포츠유전학,MBE4021,3
인문사회의학,MED2102,3
의학통계학,MED2104,3
인체유전학,MED2130,3
데이터 사이언스,MED2131,3
인문사회의학,MED2181,4
동물실험과 중개의학,MED2202,3
미래의학과 국제보건,MED2219,3
논문작성의 실제,MED2223,3
의학물리,MED2237,3
미리 경험하는 임상추론,MED2238,2
초심자를 위한 내과잘환 입문,MED2239,2
세포분자생물학,MED2243,3
의료영상의 이해,MED2244,2
의공학의 이해,MED2245,3
보건의료의 협력적 탐구,MED2248,2
초심자를 위한 연구멘토링,MED2285,3
실험의학,MED2291,1
실험의학,MED2292,2
채플(3),MED2301,0.5
채플(4),MED2302,0.5
학습공동체통합역량,MED3142,1
의학연구입문,MED3181,2
발달시험,MED3191,1
채플,MED3401,1
채플,MED3402,2
세포대사와분자생물,MED3501,6
세포와조직,MED3502,3.5
약리학,MED3503,3.5
면역과병인기전,MED3504,3.5
감염학,MED3505,9
임상의학입문,MED3506,4
근육과골격,MED3507,4
두경부,MED3508,3
호흡,MED3509,4
혈액학,MED3510,2.5
심장과순환,MED3511,6
소화와흡수,MED3512,6.5
인체구조학실습,MED3513,3
DMH,MED3551,1
Doctoring Practicum,MED3552,1
DMH,MED3553,2
Doctoring Practicum,MED3554,2
학습공동체통합역량,MED4142,2
발달시험,MED4191,2
채플,MED4401,3
신장과비뇨생식,MED4501,5
임상면역과피부,MED4502,2.5
여성과소아,MED4503,5.5
내분비,MED4504,3
신경,MED4505,7.5
정신,MED4506,3
건강과사회,MED4507,4
임상실습입문,MED4508,1
DMH,MED4551,3
Doctoring Practicum,MED4552,3
임상실기,MED5111,1
학습공동체통합역량,MED5142,3
발달시험,MED5191,3
채플,MED5402,4
인문사회의학실습,MED5552,2
연구집중과정,MED5581,12
선택심화과정,MED5611,1
선택심화과정,MED5621,2
선택심화과정,MED5631,3
선택심화과정,MED5641,4
선택심화과정,MED5651,5
선택심화과정,MED5661,6
임상종합추론,MED6101,3
학습공동체통합역량,MED6142,4
학생인턴,MED6161,4
발달시험,MED6191,4
선택임상실습,MED6601,1
선택임상실습,MED6602,2
임상실기,MED6661,2
연구멘토링,MED7185,1
심화연구멘토링,MED8385,1
코어임상실습,MED8501,1
코어임상실습,MED8502,2
코어임상실습,MED8503,3
코어임상실습,MED8504,4
임상인문사회의학,MED8551,1
임상인문사회의학,MED8552,2
의광학이론및실험,MEE3008,3
의료영상신호처리,MEE3010,3
생체전기자기현상,MEE3011,3
의료전자시스템및실험,MEE3014,3
의광학응용,MEE4004,3
고급Visual프로그래밍,MEE4008,3
UT세미나ⓟ,MEU2002,1
기계공학실험(1),MEU2105,3
고체역학,MEU2600,3
열역학,MEU2610,3
컴퓨터응용기계설계,MEU2620,3
유체역학,MEU2640,3
동역학,MEU2650,3
스페셜토픽ⓟ,MEU2900,1
환경기계공학,MEU3001,3
메카니즘설계,MEU3002,3
공학수치해석,MEU3003,3
바이오의료기계,MEU3004,3
기계공학실험(2),MEU3005,3
학부연구(1)ⓟ,MEU3006,1
학부연구(2)ⓟ,MEU3007,1
마이크로기계시스템,MEU3010,3
에너지동력공학,MEU3011,3
광공학,MEU3012,3
정형생산시스템,MEU3013,3
메카트로닉스,MEU3014,3
전자기학및응용,MEU3015,3
재료거동학,MEU3301,3
응용고체역학,MEU3600,3
응용열역학,MEU3610,3
생산공학,MEU3620,3
기계요소설계,MEU3630,3
응용유체역학,MEU3640,3
열전달,MEU3650,3
공학재료,MEU3660,3
기계진동,MEU3670,3
기계시스템제어,MEU3680,3
생체역학,MEU3700,3
나노기계공학,MEU3710,3
컴퓨터해석기반설계,MEU3801,3
기계공학세미나(1)ⓟ,MEU4001,3
기계공학세미나(2)ⓟ,MEU4002,3
창의제품설계(종합설계),MEU4300,3
연구논문,MEU4400,3
경영학의이해,MGT1001,3
재무회계원리,MGT1002,3
경영통계,MGT2001,3
조직행동론,MGT2007,3
경영과학,MGT2008,3
창업론,MGT2014,3
조직개발론,MGT3002,3
선물과옵션,MGT3003,3
하이테크마케팅,MGT3004,3
디지털마케팅,MGT3005,3
원가회계,MGT3011,3
기업과사회,MGT3012,3
인적자원관리,MGT3013,3
기업금융론,MGT3014,3
재무관리,MGT3016,3
관리회계,MGT3018,3
마케팅전략,MGT3019,3
소비자행동론,MGT3020,3
경영전략,MGT3023,3
경영혁신론,MGT3024,3
광고론,MGT3027,3
투자론,MGT3028,3
품질경영,MGT3029,3
국제경영론,MGT3030,3
유통경로론,MGT3031,3
인간관계론,MGT3032,3
서비스마케팅,MGT3034,3
경영의사결정,MGT3036,3
공급체인경영,MGT3039,3
브랜드관리론,MGT3042,3
운영관리,MGT3044,3
관리회계원리,MGT3047,3
마케팅,MGT3048,3
경영정보시스템,MGT3049,3
동아시아경제금융환경9),MGT3050,3
중급회계(1),MGT3051,3
중급회계(2),MGT3052,3
창업금융론,MGT3054,3
무역실무,MGT3056,3
세무회계(1),MGT3062,3
세무회계(2),MGT3063,3
금융실무,MGT3069,3
금융시장론,MGT3070,3
마케팅조사론,MGT3071,3
보험론,MGT3072,3
채용과인사에관한법률과실무,MGT3073,3
회사법,MGT3074,3
서비스경영,MGT3075,3
기업가정신,MGT3076,3
프로페셔널커뮤니케이션,MGT3085,3
핀테크경영,MGT3092,3
호스피탈리티서비스매니지먼트,MGT3094,3
파이썬을활용한글로벌자산운용,MGT3098,3
상업교육과정,MGT3100,3
소셜미디어와빅데이터분석,MGT3101,3
공공기관채용에대한이해,MGT3103,1
디지털혁신과SDGs전략,MGT3107,3
ESG투자와지배구조리스크,MGT3108,3
스마트모빌리티서비스의이해,MGT3109,3
데이터기반모빌리티정책분석,MGT3110,3
리테일경영과인공지능활용,MGT3111,3
글로벌마케팅,MGT4003,3
연구조사방법론,MGT4004,3
국제재무,MGT4006,3
회계감사,MGT4008,3
기업윤리,MGT4009,3
경영리더십,MGT4010,3
전략경영컨설팅,MGT4017,3
경영인공지능,MGT4019,3
디자인씽킹을통한신상품개발,MGT4022,3
고급회계,MGT4023,3
기업지배구조와회계,MGT4024,3
원가회계연습,MGT4025,3
재무회계연습,MGT4026,3
갈등과협상,MGT4027,3
의사결정과정보기술(캡스톤디자인),MGT4028,3
재무제표분석과가치평가,MGT4030,3
채권시장론,MGT4031,3
창업마케팅,MGT4036,3
창업캡스톤디자인,MGT4037,3
현대파생상품시장,MGT4040,3
사회적기업과창업,MGT4044,3
사업계획서작성법,MGT4047,3
정부회계,MGT4048,3
창업실무,MGT4049,3
비영리회계,MGT4054,3
경영의사결정을위한딥러닝,MGT4055,3
지속가능비즈니스모델,MGT4057,3
인공지능부동산분석,MGT4059,3
지속가능경영,MGT4201,3
웹프로그래밍,MIS2004,3
비즈니스프로그래밍,MIS3006,3
생산정보시스템,MIS3015,3
고객데이터분석,MIS3029,3
e-비즈니스,MIS3030,3
전략정보시스템,MIS4007,3
고객관계관리기법,MIS4013,3
ERP시스템,MIS4015,3
재활공학,MRE3001,3
CAD종합설계,MRE3004,3
초음파의료기기,MRE4002,3
유한요소해석,MRE4004,3
가상생체해석및실험,MRE4005,3
동작분석,MRE4006,3
생체재료,MRE4007,3
생체전달이론,MRE4008,3
조직공학,MRE4009,3
뇌신경공학,MRE4010,3
마스터클래스,MSC3001,2
신소재공학입문,MST2100,3
재료수학(2),MST2120,3
고체화학,MST2130,3
재료과학(1),MST2210,3
재료과학(2),MST2220,3
재료열역학(1),MST2230,3
재료열역학(2),MST2240,3
결정학,MST2260,3
재료공학기초실험,MST2310,3
고체물리,MST3110,3
상평형및전이론,MST3220,3
재료연구,MST3310,3
재료연구2:캡스톤디자인,MST3320,3
재료의전자기적성질,MST3410,3
재료의기계적성질,MST3420,3
재료의광학적성질,MST3430,3
이동현상론,MST3450,3
재료계면공학,MST3460,3
재료역학,MST3470,3
재료반응속도론,MST3490,3
고분자구조설계학,MST3500,3
전산재료학,MST3510,3
반도체공학,MST3520,3
세라믹물성론,MST3530,3
소결공학,MST3540,3
X-선회절분석론,MST3550,3
생물유기재료공학,MST3560,3
재료유기화학,MST3610,3
반도체공정,MST3620,3
의료소재및소자,MST3630,3
재료의전기화학,MST3640,3
세라믹개론,MST3650,3
웨어러블전자소자,MST3660,3
재료무기화학,MST3670,3
ICT융합소자기초,MST3680,3
창의종합설계,MST4310,3
졸업논문,MST4320,3
재료가공공정,MST4450,3
콜로이드공정,MST4470,3
정보저장재료,MST4480,3
마이크로시스템공학,MST4490,3
나노재료,MST4510,3
자성재료,MST4540,3
전자세라믹스,MST4550,3
바이오재료,MST4570,3
나노소자,MST4580,3
반도체소자,MST4610,3
연료전지공학,MST4620,3
철강재료,MST4630,3
에너지저장재료,MST4660,3
재료공학특강(2),MST4800,3
재료소성론,MST4810,3
생명신소재공학,MST4820,3
고온물리화학및환경,MST4840,3
생체모방공학,MST4870,3
나노소재제조공정,MST4890,3
에너지하베스팅시스템,MST4900,3
전자소자및회로,MST4910,3
광전자재료및소자,MST4920,3
에너지바이오메디컬공학,MST4930,3
응용해석및연습(1),MTH2001,3
응용해석및연습(2),MTH2002,3
보험수학,MTH3006,3
해석학,MTH3020,3
ELECTROMAGNETIC THEORY,NSE2001,3
INTRODUCTION TO NANOTECHNOLOGY AND LABORATORY,NSE2002,3
SOLID STATE CHEMISTRY,NSE2003,3
"POLYMER SCIENCE, ENGINEERING AND LABORATORY",NSE2006,3
FUNDAMENTALS OF MATERIALS SCIENCE AND ENGINEERING,NSE2007,3
NANO CHARACTERIZATION,NSE3001,3
THERMODYNAMICS (1),NSE3006,3
ADVANCED NANOSCIENCE,NSE3010,3
NANO-BIO ANALYTICAL METHODS,NSE3012,3
NANOCATALYSIS,NSE3015,3
NSE SENIOR THESIS,NSE4001,3
NANOMATERIALS,NSE4004,3
METHODS IN NANOSCALE SYNTHESIS,NSE4007,3
기초간호과학I,NUR1105,2
간호학의이해,NUR1109,2
글로벌사회와건강,NUR1110,1
약리학,NUR2006,2
건강사정실습,NUR2012,1
병태생리학,NUR2013,3
기초간호과학II,NUR2022,3
임상간호실습입문I,NUR2023,2
임상간호실습입문II,NUR2024,2
건강사정,NUR2025,2
건강증진과교육,NUR2026,3
의사소통론I,NUR2101,2
가족건강,NUR2111,2
성장발달,NUR2401,2
간호학III,NUR3005,3
간호학IV,NUR3006,2
간호학V,NUR3007,3
통합간호실습Ⅰ,NUR3012,5
통합간호실습II,NUR3013,5
간호학Ⅰ,NUR3101,3
간호학II,NUR3102,4
의사소통론II,NUR3113,1
지역사회간호학,NUR3114,3
통합간호실습III,NUR4006,6
노인간호학,NUR4008,2
만성질환자관리,NUR4009,2
발달장애아동관리,NUR4011,2
삶과죽음,NUR4012,2
중환자관리,NUR4013,2
보건의료정책과간호,NUR4014,2
국제간호의이해Ⅱ,NUR4018,2
국제간호의이해Ⅰ,NUR4019,1
국제간호의이해III,NUR4020,1
유전과행동,NUR4032,2
임상추론,NUR4034,1
환자안전,NUR4110,2
영양과식이,NUR4112,2
리더십개발,NUR4115,2
간호관리학,NUR4117,3
간호윤리와법,NUR4118,2
통계학,NUR4119,2
간호와정보,NUR4121,2
통일과간호,NUR4123,2
(CBL)건강한노화디자인,NUR4124,2
여성건강,NUR4202,2
통합간호실습IV,NUR4203,5
근거기반간호와연구,NUR4205,3
보건교과교육론,NUR5105,2
채플(3),NUR5113,0.5
보건교과교재연구지도법,NUR5116,3
정부와행정,PAD1001,3
행정학원강(1),PAD3001,3
도시계획론,PAD3002,3
행정법(1),PAD3003,3
정부개혁론,PAD3004,3
지역개발론,PAD3005,3
비교정책론,PAD3006,3
복지정책론,PAD3007,3
정보통신정책론,PAD3008,3
환경정책론,PAD3011,3
한국정부론,PAD3012,3
조직론,PAD3013,3
행정사,PAD3014,3
관료제도론,PAD3015,3
행정통계학,PAD3016,3
헌법과행정(1),PAD3017,3
인사행정론,PAD3018,3
재무행정론,PAD3019,3
행정관리론,PAD3020,3
정책형성·집행론,PAD3021,3
정부와NGO,PAD3022,3
지방행정론,PAD3023,3
공기업론,PAD3024,3
도시행정론,PAD3025,3
조사방법론,PAD3026,3
행정실무연습(1),PAD3027,3
기획론,PAD3028,3
한국행정론,PAD3029,3
정부예산론,PAD3030,3
인구및도시화론,PAD3031,3
조직행태론,PAD3033,3
전자정부론,PAD3034,3
헌법과행정(2),PAD3035,3
공공부문이론과행정,PAD3036,3
공공정책평가론,PAD3037,3
경찰행정학,PAD3039,3
공공리더십의이해,PAD3041,3
상황판단과행정학,PAD3044,3
북한정치와정책및한반도평화,PAD3045,3
통일정책론,PAD3046,3
자료해석과행정학,PAD3047,3
보건의료정책론,PAD3048,3
MEDICI 장기 현장실습,PAD3049,9
형법총론,PAD3050,3
프로그래밍기초,PAD3053,3
APP프로그래밍입문,PAD3054,3
규제정책론,PAD3055,3
공공과민간기업의지속가능경영,PAD3056,3
지방 행∙재정의 이해 및 실무분석,PAD3057,3
영화로탐구하는국가와거버넌스,PAD3058,3
지방정책특론,PAD3059,3
정책시뮬레이션,PAD4002,3
행정학세미나,PAD4003,3
행정철학,PAD4006,3
정책학(2),PAD4007,3
행정사례연구,PAD4008,3
재정분석론,PAD4009,3
행정법(2),PAD4011,3
문화정책론,PAD4012,3
젠더정책론,PAD4013,3
산·관·학협력과캡스톤디자인(1),PAD4015,3
산·관·학협력과캡스톤디자인(2),PAD4016,3
헌법총론,PBL2101,3
형법총론,PBL2301,3
불법행위법,PBL3202,3
수영교수법(1),PED1101,1
생존스포츠(1),PED1103,1
배드민턴교수법,PED1105,1
신체적성(1),PED1107,1
체육원리,PED1109,3
체조교수법(1),PED1110,1
축구교수법,PED1111,1
테니스지도법(1),PED1113,1
하계훈련,PED1114,1
한국무용교수법,PED1115,1
육상교수법(1),PED1118,1
농구교수법(1),PED1120,1
전문실기,PED1801,3
트레이닝이론,PED1803,3
응급처치지도법,PED1804,3
주니어세미나ⓟ,PED2001,1
농구교수법(2),PED2101,1
배구교수법(2),PED2102,1
생존스포츠(2),PED2103,1
체조교수법(2),PED2106,1
테니스지도법(2),PED2107,1
육상교수법(2),PED2108,1
신체적성(2),PED2109,1
수영교수법(2),PED2110,1
산악자전거,PED2113,1
인명구조및구급법,PED2201,3
운동생리학(1),PED2202,3
운동역학(1),PED2203,3
해부학적기능학,PED2204,3
스포츠심리학3),PED2205,3
운동생리학(2),PED2402,3
교육심리,PED2502,3
트레이닝실습지도법(1),PED2802,3
체력육성실습,PED2804,3
현대무용교수법,PED2806,1
요가교수법,PED2808,1
마음근력키우기,PED2809,3
신체적성(3),PED3101,1
건강교육,PED3201,3
체육교육론,PED3202,3
운동상해기전및평가3),PED3203,3
체육철학및역사,PED3204,3
체육측정평가,PED3205,3
스포츠재활훈련,PED3208,3
체육교과교육과정및평가,PED3210,3
근골격구조학,PED3211,3
경기평가론,PED3801,3
심리기술훈련론,PED3805,3
배구교수법(1),PED3806,1
동계스포츠교수법(1),PED4112,1
졸업평가,PED4201,3
운동역학(2),PED4204,3
운동역학실험,PED4205,2
운동학습및제어,PED4206,3
체육교재연구및지도법,PED4207,3
생리학적훈련론,PED4208,3
운동기술지도론,PED4210,3
운동생리실험,PED4211,2
경기분석방법,PED4803,3
지도자자질론,PED4804,3
핸드볼교수법(1),PED4805,1
골프교수법(1),PED4806,1
골프교수법(2),PED4807,1
운동실기,PED4808,3
심폐재활학,PHB3002,3
스포츠물리치료학,PHB3006,3
임상운동학,PHB3007,3
근골격계측정및평가,PHB3008,3
신경측정및평가,PHB3009,3
노인재활,PHB3010,3
아동발달,PHB3011,3
신경재활운동학,PHB3012,3
아동운동재활학,PHB3013,3
연구방법론,PHB3014,3
근골격재활운동,PHB3021,3
물리치료세미나,PHB4001,3
운동조절학,PHB4003,3
아동재활현장실무,PHB4005,3
장애아동의이해,PHB4006,3
의지보조기학,PHB4007,3
운동치료학,PHB4008,3
바이러스학,PHC3001,3
세포생물학,PHC3003,3
임상생화학,PHC3005,3
미생물학,PHC3006,3
분자생물학,PHC3007,3
혈청학,PHC3010,3
면역학,PHC3011,3
임상유전학,PHC3013,3
임상혈액학,PHC3014,3
진단분자유전학,PHC3015,3
진단미생물학,PHC3016,3
임상핵의학,PHC3018,3
분자진단과학실험(2),PHC3025,3
기능조직학,PHC3028,3
생리학,PHC3029,3
의학용어,PHC3033,3
실험동물학,PHC3034,3
분자진단과학실험(1),PHC4001,3
세미나,PHC4004,3
감염병학,PHC4006,3
헬스케어빅데이터입문,PHF3001,3
R을이용한통계학,PHF3002,3
회귀분석입문,PHF3003,3
헬스케어컴퓨팅사고,PHF3004,3
파이썬활용,PHF3005,3
통계패키지활용,PHF3006,3
통계자료분석방법론,PHF4002,3
탐색적자료분석의활용,PHF4003,3
데이터마이닝방법론,PHF4004,3
빅데이터분석방법론,PHF4005,3
인공지능의활용,PHF4006,3
서양철학의이해,PHI1001,3
동양의가치와철학,PHI1002,3
직업윤리,PHI2003,1
NCS기반공통직무,PHI2004,3
그리스철학의근본개념들,PHI2101,3
영화철학,PHI2107,3
낭만주의철학,PHI2108,3
논증과토론,PHI2109,3
사회과학의철학,PHI2110,3
중국고대철학,PHI2151,3
서양중세철학사,PHI2201,3
플라톤철학,PHI2204,3
예술철학,PHI2206,3
동서비교철학,PHI2207,3
동아시아철학의문제들,PHI2253,3
서양고대철학사,PHI2254,3
인도철학,PHI2255,3
인식론,PHI2256,3
서양윤리학사,PHI2257,3
서양미학사,PHI2258,3
논리학,PHI2259,3
철학교육방법론,PHI2260,3
중국근세철학,PHI2261,3
철학원전강독(1),PHI2262,3
철학원전강독(2),PHI2263,3
디지털시대의철학적이해,PHI2264,3
아리스토텔레스철학,PHI3102,3
영국경험론,PHI3103,3
도가철학,PHI3151,3
한국유학사상,PHI3153,3
유가철학,PHI3154,3
중국철학사,PHI3156,3
칸트철학,PHI3201,3
정치철학,PHI3202,3
헤겔철학,PHI3208,3
윤리학,PHI3213,3
서양근대철학사,PHI3214,3
대륙합리론,PHI3219,3
사회비판이론,PHI3220,3
현대프랑스미학,PHI3230,3
신유학,PHI3252,3
서양중세철학특강,PHI3259,3
종교철학특강,PHI3260,3
철학라틴어,PHI3261,3
논리철학,PHI3262,3
역사철학,PHI3263,3
심리철학,PHI3264,3
유가경전의이해,PHI3265,3
중국중세철학,PHI3266,3
현대윤리학,PHI3267,3
중국근현대철학,PHI3268,3
언어철학,PHI3269,3
동아시아예술철학,PHI3270,3
문화철학,PHI3271,3
화엄철학,PHI3272,3
서양근대철학특강,PHI3273,3
불교철학사,PHI3274,3
서양철학특강(1),PHI3275,3
서양철학특강(2),PHI3276,3
철학그리스어,PHI3277,3
비판적사고와논술,PHI3278,3
이황과이이철학의비교,PHI3279,3
중국철학강독,PHI3280,3
여성주의철학,PHI3281,3
현대형이상학,PHI4107,3
수학철학,PHI4108,3
선불교,PHI4109,3
법철학,PHI4110,3
헤겔미학,PHI4111,3
해석학,PHI4113,3
위진현학,PHI4114,3
남북한한국철학사의쟁점,PHI4116,3
현대인식론,PHI4119,3
조선성리학과실학,PHI4151,3
도교사상사,PHI4152,3
과학철학,PHI4203,3
현대영미철학,PHI4205,3
현대프랑스철학,PHI4206,3
텍스트의철학,PHI4209,3
현상학,PHI4210,3
생명의료윤리,PHI4211,3
현대철학의문제들,PHI4212,3
중국현대철학,PHI4251,3
현대동서철학의문제들,PHI4253,3
그리스-로마시대의철학과문화,PHI4254,3
독일근현대철학,PHI4255,3
그리스철학특강,PHI4256,3
불교철학특강,PHI4258,3
불교와양명철학,PHI4261,3
토마스아퀴나스철학,PHI4262,3
사서의철학,PHI4263,3
사회철학,PHI4265,3
형이상학,PHI4266,3
응용윤리학,PHI4267,3
종교철학,PHI4268,3
제자백가철학,PHI4269,3
분석철학,PHI4270,3
존재론,PHI4271,3
동아시아철학특강,PHI4272,3
예술철학의문제,PHI4273,3
한국불교철학,PHI4274,3
약학개론,PHM1001,1
약품생화학(1),PHM2001,3
유기약화학(1),PHM2002,3
약품생화학(2),PHM2003,3
유기약화학(2),PHM2004,3
해부학,PHM3002,3
약학실험(1),PHM3003,3
생리학,PHM3004,3
분자생물학,PHM3006,3
보건사회약학,PHM3007,3
의약품합성학,PHM3008,3
생약학,PHM3009,3
약학실험(2),PHM3011,3
병리학,PHM3013,3
약리학(1),PHM3014,3
미생물학,PHM3015,3
약학실험(3),PHM3016,3
물리약학,PHM3017,3
면역학,PHM3019,3
약리학(2),PHM3023,3
약제학,PHM3024,3
독성학,PHM3025,3
의약품행정학,PHM3027,3
임상약학개론,PHM3028,3
약학실험(4),PHM3029,3
의약통계학,PHM3030,3
생물약제학,PHM3031,3
의약화학,PHM3034,3
약물치료학(1),PHM3035,3
약물치료학(2),PHM3036,3
약무실습개론,PHM3038,1
약료실습,PHM3039,3
약물치료학(3),PHM3041,3
제제물리,PHM3047,3
약물치료학(4),PHM3049,3
의약품분석학,PHM3061,3
약학전공설계(1)ⓟ,PHM3101,1
약학전공설계(2)ⓟ,PHM3102,1
병원약국실무실습,PHM4100,4
임상약학실무실습,PHM4110,4
지역약국실무실습ⓟ,PHM4120,4
제약산업및약무행정실무실습ⓟ,PHM4130,3
전공심화실습(1)ⓟ,PHM4310,1
전공심화실습(2),PHM4320,3
현대철학입문,PHO2002,3
윤리학개론,PHO2004,3
한국철학입문,PHO2012,3
논리와비판적사고,PHO3001,3
철학영어원강,PHO3005,3
동양철학입문,PHO3007,3
논리학,PHO3008,3
중국고대철학,PHO3009,3
서양고대철학,PHO3010,3
중국근대철학,PHO3011,3
서양근대철학,PHO3012,3
서양중세철학,PHO3013,3
노장철학,PHO3017,3
가치철학,PHO3018,3
현상학과실존철학,PHO3020,3
종교철학,PHO3021,3
한국철학사,PHO3022,3
인간학,PHO3023,3
언어철학,PHO3024,3
형이상학,PHO3025,3
예술철학,PHO3026,3
현대철학특강,PHO3027,3
영화철학,PHO3028,3
문화철학,PHO3029,3
칸트철학,PHO3030,3
헤겔철학,PHO3032,3
문학의철학,PHO3033,3
현대영미철학특강,PHO3034,3
동양사상의쟁점,PHO3035,3
서양사상의쟁점,PHO3037,3
윤리추론,PHO3038,3
기술철학,PHO3039,3
중국현대철학,PHO3040,3
동아시아철학의현대적이해,PHO3041,3
과학철학,PHO3046,3
심리철학,PHO3047,3
역사철학,PHO3048,3
현학과도교철학,PHO3050,3
프랑스현대철학,PHO3051,3
해석학,PHO3052,3
플라톤의국가,PHO3053,3
아리스토텔레스의니코마코스윤리학,PHO3054,3
철학고전읽기와토론,PHO3055,3
인식론,PHO3056,3
독일관념론,PHO3057,3
생명의료윤리,PHO3059,3
정신분석학입문,PHO3060,3
철학교육과논술,PHO3061,3
철학상담과치유,PHO3062,3
미디어철학,PHO3063,3
경험론연구,PHO3064,3
합리론연구,PHO3065,3
법철학,PHO3066,3
사회정치철학,PHO3067,3
현대한국철학특강,PHO3068,3
현대사회와유교윤리,PHO3069,3
통일한국철학사,PHO3070,3
묵가철학,PHO3071,3
법가철학,PHO3072,3
중국현대철학사조,PHO3073,3
동아시아현대철학,PHO3074,3
사서강독,PHO3075,3
논어와맹자,PHO3076,3
제자백가강독,PHO3077,3
동양사회정치철학,PHO3078,3
동아시아의과학정신,PHO3079,3
동양의우주론,PHO3080,3
동양의인성론,PHO3081,3
동양의수양론,PHO3082,3
동양의예술론,PHO3083,3
플라톤철학,PHO3084,3
주역의철학,PHO4001,3
현대윤리학,PHO4006,3
현대철학사조,PHO4007,3
아리스토텔레스철학,PHO4008,3
조선성리학과실학,PHO4010,3
퇴계와율곡의철학,PHO4014,3
불교철학,PHO4015,3
비판적창의적사고,PHO4018,3
정읜론연구,PHO4019,3
한국철학현장조사,PHO4021,1
정치경제철학,PHO4025,3
사회비판이론,PHO4026,3
성과젠더의철학,PHO4027,3
니체철학,PHO4028,3
아우구스티누스와아퀴나스철학,PHO4029,3
공학윤리,PHO4030,3
환경윤리,PHO4031,3
주자학과양명학,PHO4032,3
다산과혜강의철학,PHO4033,3
동서비교철학,PHO4034,3
진한철학,PHO4035,3
청대실학,PHO4036,3
일본사상사,PHO4037,3
전자공학및실험,PHS2001,3
기초전자,PHS2002,3
현대물리학(1),PHS2003,3
현대물리학(2),PHS2004,3
중급물리학및실험,PHS3001,3
고급물리학및실험,PHS3002,3
응용물리학특강,PHS3003,3
전산물리,PHS3004,3
일반역학(1),PHS3005,3
일반역학(2),PHS3006,3
양자역학(1),PHS3007,3
양자역학(2),PHS3008,3
전자기학(1),PHS3009,3
전자기학(2),PHS3010,3
수리물리학(1),PHS3011,3
수리물리학(2),PHS3012,3
열물리학,PHS3013,3
통계역학,PHS3014,3
과학논리 및 논술,PHS3016,2
물리교재연구및지도법,PHS3017,3
응용고체물리학특강,PHS4002,3
재료물리학특강,PHS4003,3
응용광학특강,PHS4004,3
고체물리학,PHS4005,3
광학,PHS4006,3
물리신소재LTM캠스톤디자인,PHS4008,3
공학물리학추론,PHS4014,3
반도체공학,PHS4016,3
공학물리학및실험(2),PHT1012,3
일반물리학및실험(1),PHY1001,3
일반물리학및실험(2),PHY1002,3
공학물리학및실험(1),PHY1011,3
공학물리학및실험(2),PHY1012,3
일반물리학및실험(2),PHY1104,3
현대물리학(1),PHY2103,3
현대물리학(2),PHY2104,3
물리학실험(A-1),PHY2105,3
물리학실험(A-2),PHY2106,3
양자역학(1),PHY3101,3
양자역학(2),PHY3102,3
전자기학(1),PHY3103,3
전자기학(2),PHY3104,3
열물리학,PHY3105,3
통계물리학,PHY3106,3
물리학실험(B-1),PHY3107,3
물리학실험(B-2),PHY3108,3
전산물리,PHY3109,3
일반역학(1),PHY3110,3
일반역학(2),PHY3111,3
고체물리학(1),PHY4101,3
고체물리학(2),PHY4102,3
반도체소자물리,PHY4107,3
응용물리입문,PHY4108,3
입자물리학,PHY4109,3
핵물리학,PHY4113,3
광학(1),PHY4115,3
광학(2),PHY4116,3
고급양자역학,PHY4117,3
수리물리학(1),PHY4205,3
수리물리학(2),PHY4206,3
생물물리,PHY4207,3
일반상대성이론입문,PHY4208,3
제품디자인실습(1),PID2001,3
CAPD실습(1),PID2002,3
제품디자인실습(2)(캡스톤디자인),PID3001,3
인터랙션디자인실습(캡스톤디자인),PID3003,3
디자인기획실습,PID3005,3
디자인프리젠테이션,PID3006,3
디자인방법론실습,PID3007,3
디자인리서치,PID3012,3
시스템디자인실습(캡스톤디자인),PID3015,3
고급CAPD실습,PID3016,3
생태환경디자인실습,PID3017,3
공간디자인실습,PID3019,3
제품조형론,PID3020,3
재료구조실습,PID3021,3
CAPD실습(2),PID3022,3
인간공학실습,PID3023,3
기구장치설계실습,PID3024,3
디지털제품론,PID3025,3
디자인기술론,PID3026,3
산업디자인사,PID3027,3
조형구성실습,PID3028,3
실내디자인실습,PID3029,3
물질문화론,PID3030,3
이모션디자인실습,PID3033,3
인지와디자인실습,PID3034,3
포트폴리오제작,PID4010,3
졸업연구,PID4011,6
현장기술연구,PID4012,3
현대디자인세미나,PID4013,3
학제간연구,PID4014,6
종이패키징재료학및실험,PKG2001,3
패키징물류양론,PKG2003,3
물적유통,PKG2004,3
패키징마케팅학 전선,PKG2007,3
패키징CAD실습,PKG2011,3
플라스틱패키징재료학및실험,PKG3001,3
패키징물류경영학,PKG3002,3
패키징물류역학및실험,PKG3004,3
패키징물류자동화,PKG3005,3
의약품패키징,PKG3012,3
패키징물류경제학,PKG3014,3
식품패키징및실험,PKG3015,3
식품패키징설계,PKG3016,3
패키징인쇄학,PKG3018,3
패키징물류및표준화,PKG3020,3
패키징신소재LTM캡스톤디자인,PKG3024,3
신패키징물류기술,PKG3025,3
패키징개발및실습(캡스톤디자인),PKG3026,3
MEDICI 장기 현장실습,PKG3028,9
패키징고분자개론,PKG3035,3
물류보관하역론,PKG3036,3
화물운송론,PKG3037,3
물류관리론,PKG3038,3
유리및금속패키징재료학,PKG3039,3
패키징마케팅학,PKG3040,3
패키징유기화학,PKG3041,3
특수패키징학,PKG4016,3
패키징물류와환경,PKG4017,3
패키징품질관리,PKG4020,3
패키징인턴십(1),PKG4021,1
패키징인턴십(2),PKG4022,1
패키징인턴십(3),PKG4023,1
패키징인턴십(4),PKG4024,1
학부연구(1),PKG4025,2
학부연구(2),PKG4026,2
학부연구(3),PKG4027,2
학부연구(4),PKG4028,2
패키징물류정보관리,PKG4031,3
패키징물류정보관리,PKG4037,3
강원혁신플랫폼정밀의료개론,PMC3014,3
강원혁신플랫폼의료정보표준화,PMC3015,3
강원혁신플랫폼의료영상처리,PMC3016,3
강원혁신플랫폼의료정보시스템,PMC3020,3
강원혁신플랫폼바이오유전체정보학,PMC3024,3
강원혁신플랫폼약물유전체학,PMC3025,3
강원혁신플랫폼생물정보학,PMC3026,3
강원혁신플랫폼병리학및생리학,PMC3027,3
강원혁신플랫폼임상의학,PMC3028,3
강원혁신플랫폼의생명빅데이터분석,PMC3029,3
강원혁신플랫폼인공지능신약개발,PMC3031,3
강원혁신플랫폼의료딥러닝,PMC3032,3
강원혁신플랫폼캡스톤프로젝트1,PMC3039,3
강원혁신플랫폼현장실습1,PMC3042,3
강원혁신플랫폼캡스톤프로젝트2,PMC3043,3
강원혁신플랫폼현장실습2,PMC3044,3
INTRODUCTION TO POLITICAL SCIENCE,POL1002,3
INTRODUCTION TO INT’L RELATIONS,POL1003,3
정치학개론,POL1004,3
고대중세서양정치사상,POL2101,3
국제관계론,POL2102,3
국제기구론,POL2103,3
비교정치론,POL2106,3
외교론,POL2108,3
정보사회의정치,POL2109,3
정치이론입문,POL2110,3
정치학방법론,POL2111,3
정치경제론,POL2112,3
한국의시민사회운동,POL2113,3
문화와정치,POL2115,3
전쟁과평화,POL2117,3
INTRODUCTION TO KOREAN POLITICS & GOVERNMENT 󰎇,POL2210,3
KOREAN POLITICS AND DEMOCRACY,POL2220,3
PUBLIC POLICY AND ADMINISTRATION,POL2821,3
POLITICAL DATA ANALYSIS: A QUANTITATIVE APPROACH,POL3010,3
KOREAN POLITICAL ECONOMY,POL3012,3
국제분쟁리스크관리,POL3101,3
계량정치분석,POL3102,3
근대서양정치사상,POL3104,3
동양정치사상,POL3105,3
동북아국제안보,POL3106,3
러시아외교정책,POL3107,3
러시아정치,POL3108,3
민주주의론,POL3110,3
북한외교정책,POL3111,3
외교안보와미디어,POL3113,3
외교정책론,POL3114,3
유럽정치,POL3115,3
일본정치와외교,POL3116,3
정치변동론,POL3117,3
중동정치,POL3119,3
한국외교정책,POL3120,3
한국의선거와의회,POL3121,3
일본과동아시아,POL3122,3
한국정치사,POL3123,3
현대국제정치사,POL3124,3
현대정치사상,POL3125,3
정치와영화,POL3126,3
외교의이론과실제,POL3127,3
미국정치사상,POL3128,3
한국정치사상,POL3130,3
탈근대정치사상,POL3131,3
정치이론과철학,POL3132,3
국가론,POL3133,3
KOREA & EAST ASIA INT’L HISTORY,POL3134,3
국가안보와정보,POL3135,3
한국의정당정치,POL3136,3
권력구조론,POL3139,3
동남아정치론,POL3140,3
INTERNATIONAL POLITICAL ECONOMY,POL3142,3
안보정책론,POL3149,3
AMERICAN ELECTIONS AND CAMPAIGNS,POL3150,3
법과정치,POL3151,3
비교헌정연구,POL3152,3
UNDERSTANDING CHINESE POLITICS,POL3153,3
국제개발협력과EU,POL3154,3
THE AMERICAN PRESIDENCY,POL3155,3
US AND WORLD,POL3156,3
한반도비핵화,POL3158,3
헌법,POL3159,3
POLITICS OF COLLABORATION AND INTEGRATION IN EUROPE,POL3825,3
INTERNATIONALSECURITY,POL3826,3
UNIFICATION POLICIES IN KOREAN PENINSULA,POL3827,3
UNITED STATES FOREIGN POLICY,POL3828,3
정당론,POL3829,3
미국정치,POL3830,3
COSMOPOLITANISM AND CRITICS,POL3831,3
SEMINAR ON GLOBAL CITIZENSHIP,POL3832,3
대통령리더십론,POL3833,3
동아시아국제정치경제론,POL3834,3
국제이주의정치학,POL3839,3
"복지,노동,젠더의 정치",POL3848,3
FOUNDATIONS OF MODERN INTERNATIONAL THOUGHT,POL3850,3
도시정치,POL3851,3
ELECTIONS IN COMPARATIVE,POL3855,3
환경-에너지정치,POL3856,3
THE TWO KOREAS,POL3858,3
"INTERNATIONAL LAW, POLITICS AND DISPUTE SETTLEMENT",POL3859,3
사회과학조사방법론,POL3862,3
한국정치론,POL3867,3
PUBLIC CHOICE,POL3869,3
RECONCILIATION AND JUSTICE IN EAST ASIA,POL3870,3
소셜네트워크와정치변동,POL3887,3
국제해양법과정치,POL3890,3
아프리카정치학,POL3891,3
INTERNATIONAL POLITICAL ECONOMY,POL4102,3
국제법과국제관계,POL4103,3
POLITICS OF INTERNATIONAL TRADE,POL4106,3
MODERN LIBERALISM AND ITS DISCONTENTS,POL4107,3
동아시아국제관계,POL4108,3
NORTH KOREAN POLITICS & FOREIGN POLICY,POL4110,3
시민.사회운동의이념과실제,POL4111,3
POLITICAL ECONOMY OF CHINA,POL4114,3
국제정의론,POL4127,3
NATIONALISM: THEORY AND PRACTICE,POL4128,3
한국정치과정세미나,POL4129,3
THE POLITICS OF THINGS,POL4133,3
"데이터,플랫폼그리고정치",POL4134,3
GLOBAL CHINA AND WORLD POLITICS,POL4135,3
MODERN DIPLOMATIC HISTORY,POL4412,3
COLLOQUIUM ON NATIONALISM & EAST ASIAN SECURITY,POL4421,3
GLOBAL POLITICS OF ENVIRONMENT,POL4822,3
정의론,POL4823,3
"ORDER, DISORDER AND SUSTAINABILITY IN THE GLOBAL ECONOMY",POL4827,3
국제법과국제기구,POL4829,3
CAUSES OF WAR AND PEACE IN INTERNATIONAL RELATIONS,POL4830,3
SECURITY & THE MEDIA IN KOREA,POL4831,3
마을학개론,POL4833,3
BARGAINING APPROACH TO INTERNATIONAL RELATIONS,POL4834,3
APPLIED DATA ANALYSIS,POL4835,3
합리적선택과안보,POL4838,3
게임이론과정치,POL4839,3
선거정치,POL4840,3
청렴및부패방지,PSI2007,1
인권경영과개인정보보호,PSI2008,1
주니어세미나ⓟ,PSY2001,1
심리학개론,PSY2103,3
심리학의실험연구방법,PSY2104,3
낙관주의심리학,PSY2109,3
충동과자기관리,PSY2110,3
VISION MIND AND BRAIN,PSY2111,3
건강심리학,PSY3102,3
동기와정서,PSY3103,3
발달심리학,PSY3105,3
사회심리학,PSY3111,3
문화심리,PSY3113,3
색채심리학,PSY3115,3
심리검사법,PSY3119,3
심리통계,PSY3122,3
언어심리학이론및실습,PSY3125,3
이상심리학,PSY3126,3
심리진단,PSY3129,3
조직심리학,PSY3133,3
집단심리학,PSY3135,3
학습과기억의심리학,PSY3137,3
소비자심리학,PSY3138,3
인지신경과학의기초,PSY3146,3
가족과결혼,PSY3159,3
장노년심리학,PSY3160,3
심리학현장실습ⓟ,PSY3161,6
아동청소년심리장애,PSY3162,3
완벽주의와정신건강,PSY3163,3
행복의과학,PSY3164,3
정서적적응과부적응의이해,PSY3166,3
인지와정서조절,PSY3168,3
인적요인과산업현장안전관리,PSY3169,3
생물심리학,PSY3171,3
실용도구로서의AI입문,PSY3172,3
행동심리학과디지털멘탈케어,PSY3173,3
법심리학,PSY4102,3
사회문제와심리학,PSY4103,3
의사결정의심리학,PSY4111,3
임상심리학,PSY4113,3
진로상담,PSY4115,3
집단치료,PSY4117,3
성격심리학,PSY4121,3
인지공학심리학,PSY4122,3
인지심리학,PSY4123,3
지각심리학,PSY4125,3
산업심리학,PSY4126,3
인지발달,PSY4127,3
행동치료및실습,PSY4128,3
사회정서신경과학,PSY4130,3
자기관리기술,PSY4131,3
심리학연구실습(1),PSY4132,1
심리학연구실습(2),PSY4133,1
상담의이론과실제,PSY4134,3
심리치료,PSY4135,3
기억의신경과학,PSY4136,3
스타트업과심리과학,PSY4137,3
재능과기술의심리학,PSY4141,3
지역사회공동체심리학,PSY4142,3
디자인심리학,PSY4143,3
시각신경과학,PSY4146,3
디지털정신건강과행동심리학,PSY4147,3
일과의미의심리학,PSY4148,3
행정학개론,PUB1101,3
공공관리경제학,PUB2101,3
관료제와민주주의,PUB2102,3
인력관리론,PUB2104,3
재정학,PUB2105,3
전자정부론,PUB2106,3
정책학개론,PUB2107,3
ORGANIZATION THEORY,PUB2108,3
한국정부론,PUB2109,3
거버넌스와민주주의,PUB2120,3
헌법과민주행정,PUB2121,3
현대비교정부론,PUB2122,3
대통령과국정관리,PUB3101,3
사람과도시,PUB3102,3
복지정책론,PUB3103,3
재무행정론,PUB3105,3
정부와기업,PUB3106,3
정책집행론,PUB3107,3
정책형성론,PUB3108,3
조직행태론,PUB3109,3
지방행정과 공동체,PUB3110,3
지역개발론,PUB3111,3
행정과정론,PUB3112,3
행정법(1):행정법총론,PUB3113,3
행정법(2):행정구제법,PUB3114,3
행정학사례분석연습,PUB3115,3
공공의사결정론,PUB3116,3
행정학영어특강,PUB3117,3
프로젝트관리론,PUB3119,3
문화정책론,PUB3120,3
공공관리이론과사례,PUB3121,3
정책평가론,PUB3123,3
행정수단론,PUB3125,3
조직과환경,PUB3126,3
세계화와조직,PUB3127,3
전략적기획론,PUB3128,3
공기업의이해와관리,PUB3129,3
산업정책론,PUB3130,3
예술행정,PUB3132,3
비교정책론,PUB3133,3
국가경제와국가경쟁력,PUB3134,3
조세정책의이해,PUB3135,3
조직론,PUB3136,3
공공가치이론과실제,PUB3137,3
사회문제해결을위한공공정책,PUB3138,3
거버넌스와민주주의,PUB3139,3
관료제와민주주의,PUB3140,3
현대비교정부론,PUB3141,3
비교발전행정론,PUB4101,3
정부간관계론,PUB4102,3
정부규제론,PUB4103,3
정부예산론,PUB4104,3
조사방법론,PUB4105,3
한국행정론,PUB4106,3
행정학방법론,PUB4107,3
정부개혁론,PUB4109,3
미국정부론,PUB4110,3
과학기술정책론,PUB4111,3
리더십과거버넌스,PUB4112,3
정부회계학(1),PUB4113,3
국제통상정책의 이론과 실제,PUB4115,3
세계거버넌스와국제행정,PUB4117,3
제도와조직,PUB4118,3
정부와비영리기구,PUB4120,3
행정법(3):행정법각론,PUB4121,3
국제개발협력과발전행정,PUB4122,3
"혁신,창업과정책",PUB4201,3
정책관리론,PUB4202,3
환경정책과지속가능성,PUB4203,3
사회과학연구설계세미나,PUB4204,3
통합사회교육론,QQM3002,3
물리교육론,QQM3003,3
화학교육론,QQM3004,3
지리교육론,QQM3005,3
생물교육론,QQM3006,3
지구과학교육론,QQM3007,3
한국지리교육론,QQM3011,3
통합과학교육론,QQM3012,3
지질학,QQM3013,3
지구과학 및 실험,QQN3001,3
천문과학,QQN3002,3
대기과학,QQN3003,3
지구물리학,QQN3004,3
경제지리,QQO3001,3
사적조사 및 현장교육,QQO3006,3
역사교육론,QQO3010,3
INTRODUCTION TO QUANTITATIVE RISK MANAGEMENT,QRM1001,3
FUNDAMENTAL ECONOMIC ANALYSIS,QRM2001,3
FINANCIAL DATA ANALYSIS,QRM2002,3
STATISTICAL ANALYTIC METHODS,QRM2004,3
THEORY OF FINANCIAL ANALYSIS,QRM3001,3
PORTFOLIO THEORY AND APPLICATION,QRM3002,3
PRINCIPLES OF FINANCIAL ENGINEERING,QRM3003,3
REGRESSION ANALYSIS,QRM3004,3
MATHEMATICAL STATISTICS,QRM3005,1
ANALYTICS FOR SOCIAL INNOVATION,QRM4001,3
의학용어,RAD1002,2
방사선물리학,RAD2003,3
인체생리학,RAD2010,3
디지털회로및실험,RAD2011,4
방사선응용수학,RAD2014,3
인체해부학,RAD2015,3
디지털영상처리및실험,RAD2016,3
방사선학개론및실험,RAD2017,3
전기전자공학및실험,RAD2018,3
의료산업개론,RAD2019,3
방사선응용프로그래밍(1),RAD2020,3
방사선생물학,RAD3005,3
방사선영상및실험,RAD3025,3
방사선안전관리학,RAD3027,3
방사선특수촬영학,RAD3032,3
방사선일반촬영학,RAD3033,3
CT영상학및실험,RAD3034,3
MR영상학및실험,RAD3035,3
영상정보학및실험,RAD3036,3
의료초음파및실험,RAD3037,3
핵의학영상학및실험,RAD3038,3
방사선치료학및실험,RAD3040,3
방사선기기학및실험,RAD3041,3
공중보건학,RAD3042,2
의료관계법규,RAD3043,1
방사선융합영상실습(캡스톤디자인),RAD3045,3
방사선계측및실험,RAD3046,3
방사선영상및실험,RAD3047,3
의료기기품질관리시스템,RAD3048,3
의료영상판독,RAD3051,3
방사선관계법규,RAD3052,3
MEDICI 장기 현장실습,RAD3053,9
방사선응용프로그래밍(2),RAD3054,3
창의적방사선과학(캡스톤디자인),RAD3055,3
방사선안전세미나1,RAD3056,1
방사선안전세미나2,RAD3057,1
방사선응용회로및실험,RAD3058,3
방사선학현장실습(2),RAD4021,3
방사선학현장실습(3),RAD4022,1
방사선학현장실습(4),RAD4023,1
방사선임상특론,RAD4024,3
방사선학현장실습(1),RAD4025,3
학부연구(1),RAD4028,2
학부연구(2),RAD4029,2
학부연구(3),RAD4030,2
학부연구(4),RAD4031,2
원자력공학개론,RAD4032,3
SODO학부연구(1),RAD4033,2
SODO학부연구(2),RAD4034,2
방사선사현장실습(1),RAD4035,3
방사선사현장실습(2),RAD4036,3
러시아학의이해,RUS1100,3
주니어세미나,RUS2001,1
UT세미나,RUS2002,1
러시아문학의이해,RUS2003,3
중급러시아어(1),RUS2103,3
중급러시아어(2),RUS2104,3
중급러시아어연습(1),RUS2105,3
중급러시아어연습(2),RUS2106,3
러시아어학의이해,RUS2112,3
러시아언어문화,RUS2113,3
도시와문화,RUS2130,3
러시아문화체험,RUS2133,3
현대러시아대중문화,RUS2135,3
현대유라시아지역이해,RUS2136,3
한러교류사,RUS2137,3
러시아문학의주인공들,RUS2138,3
러시아단편소설,RUS2139,3
현대러시아어와사회,RUS2140,3
고급러시아어연습(1),RUS3103,3
고급러시아어연습(2),RUS3104,3
고급러시아어(1),RUS3105,3
고급러시아어(2),RUS3106,3
푸시킨,RUS3107,3
러시아드라마예술,RUS3111,3
톨스토이,RUS3113,3
러시아사전의이해,RUS3126,3
러시아문학과젠더,RUS3127,3
러시아비주얼아트,RUS3128,3
문학과혁명정신,RUS3130,3
슬라브세계와언어,RUS3137,3
러시아어학세미나,RUS3138,3
도스토옙스키,RUS3139,3
러시아역사와문화,RUS3140,3
사실주의소설,RUS3141,3
시베리아극동지역연구,RUS3143,3
러시아어와미디어,RUS3144,3
현대러시아공연예술,RUS3145,3
러시아어작문연습(1),RUS3206,3
시사텍스트강독(1),RUS3208,3
체홉,RUS3209,3
러시아시와로망스,RUS4104,3
러시아문학이론과비평,RUS4106,3
러시아문학세미나,RUS4108,3
러시아어조어론,RUS4109,3
러시아어어휘론,RUS4111,3
러시아어의어제와오늘,RUS4112,3
커리어러시아어,RUS4115,3
러시아어의구조,RUS4116,3
현대러시아문학,RUS4120,3
TORFL러시아어,RUS4201,3
러시아명작원문강독,RUS4202,3
러시아문학과세계문학,RUS4203,3
러시아어문법연구,RUS4204,3
러시아어작문연습(2),RUS4207,3
시사텍스트강독(2),RUS4209,3
러시아문화원어세미나,RUS4210,3
러시아지성사,RUS4211,3
망명문학과나보코프,RUS4212,3
러시아어정보학,RUS4213,3
전기 전자계산(1),SCI2001,2
전기 전자계산(2),SCI2002,2
지능형반도체개론,SCT3001,3
전자회로,SCT3002,3
재료,SCT3003,3
재료,SCT3004,3
나노공정,SCT3303,3
반도체,SCT3307,3
반도체산업의이해,SCT4001,3
디스플레이기술,SCT4314,3
INTRODUCTION TO SUSTAINABLE DEVELOPMENT AND COOPERATION,SDC1001,3
INTRODUCTION TO GLOBAL AFFAIRS,SDC1002,3
HISTORY OF INTERNATIONAL DEVELOPMENT,SDC2001,3
ENERGY AND ENVIRONMENTAL POLICY,SDC2002,3
KOREA'S DIPLOMACY ON SUSTAINABLE DEVELOPMENT,SDC2003,3
DEVELOPMENT AND MIGRATION,SDC2005,3
CULTURE AND SOCIAL INNOVATION,SDC2006,3
SUSTAINABLE DEVELOPMENT AND CIVIL SOCIETY,SDC2100,3
ODA: THEORY AND PRACTICE,SDC2101,3
INFRASTRUCTURE AND DEVELOPMENT,SDC3001,3
ENVIRONMENT AND DEVELOPMENT,SDC3002,3
DEVELOPMENT FIELD RESEARCH,SDC3003,3
SUSTAINABLE DEVELOPMENT AND URBANIZATION,SDC3004,3
POLITICAL ECONOMY OF CLIMATE CHANGE,SDC3005,3
PUBLIC HEALTH AND DEVELOPMENT,SDC3006,3
COOPERATION AND SUPPORT FOR SUSTAINABLE DEVELOPMENT,SDC3007,3
SUSTAINABLE ENERGY POLICY ANALYSIS,SDC3008,3
SUSTAINABLE DEVELOPMENT AND ISSUES ON INEQUALITY,SDC3010,3
GENDER AND DEVELOPMENT,SDC3011,3
SENIOR RESEARCH SEMINAR IN INTERNATIONAL DEVELOPMENT,SDC4001,3
SOCIAL INNOVATION AND SUSTAINABLE DEVELOPMENT,SDC4002,3
GLOBAL HEALTH AND DEVELOPMENT,SDC4003,3
SUSTAINABLE DEVELOPMENT GOALS AND IMPLEMENTATION,SDC4005,3
INTRODUCTION TO INTEGRATED SCIENCE AND ENGINEERING,SED1001,3
PHYSICAL CHEMISTRY (1),SED2001,3
LAB ON ORGANIC CHEMISTRY,SED2002,3
FUNDAMENTALS OF QUANTUM PHYSICS,SED2004,3
COMPUTER PROGRAMMING FOR ISED,SED2005,3
INSTRUMENTAL ANALYSIS LABORATORY,SED2006,3
ORGANIC MATERIALS AND LABORATORY,SED2007,3
CLASSICAL MECHANICS,SED2008,3
MATHEMATICAL METHODS,SED2009,3
MECHANICS OF NEWTON AND LAGRANGE,SED2100,3
JUNIOR INDEPENDENT STUDY,SED3001,3
INTEGRATED SCIENCE LABORATORY,SED3003,3
COLLOIDAL NANOPARTICLES LABORATORY,SED3005,3
BASIC ELECTRONICS AND LAB,SED3006,3
INTRODUCTION TO DIGITAL CIRCUIT DESIGN,SED3007,3
ISED CREATIVE RESEARCH,SED4001,3
INTRODUCTION TO NEURAL NETWORK,SED4002,3
FILM CHARACTERIZATION TECHNIQUES AND LABORATORY,SED4003,3
강원혁신플랫폼스마트수소개론,SHC3014,3
강원혁신플랫폼디지털신호처리,SHC3015,3
강원혁신플랫폼유기화학,SHC3016,3
강원혁신플랫폼에너지통계학,SHC3017,3
강원혁신플랫폼친환경에너지열역학,SHC3018,3
강원혁신플랫폼수소저장및운송기술,SHC3019,3
강원혁신플랫폼화학공정제어,SHC3020,3
강원혁신플랫폼연소공학,SHC3021,3
강원혁신플랫폼가스설비및계측기기,SHC3022,3
강원혁신플랫폼열시스템설계,SHC3023,3
강원혁신플랫폼전력전자공학,SHC3025,3
강원혁신플랫폼수소인프라안전공학,SHC3029,3
강원혁신플랫폼에너지소재공학,SHC3030,3
강원혁신플랫폼에너지비철재료,SHC3031,3
강원혁신플랫폼전기화학에너지공학,SHC3032,3
강원혁신플랫폼수소재료특론,SHC3033,3
강원혁신플랫폼에너지변환저장소재,SHC3034,3
강원혁신플랫폼 그린에너지촉매,SHC3038,3
강원혁신플랫폼수소에너지응용기술,SHC3040,3
강원혁신플랫폼연료전지시스템,SHC3041,3
고급프로그래밍,SIT1001,3
융합공학개론,SIT1014,1
고급알고리즘,SIT2001,3
회로,SIT2002,3
신호,SIT2005,3
소자,SIT2006,3
융합수학(1),SIT2101,3
융합수학(2),SIT2102,3
융합물리,SIT2103,3
개별연구지도(1),SIT3010,1
개별연구지도(2),SIT3012,1
개별연구지도(3),SIT3015,1
융합공학의이해,SIT3018,1
개별연구지도(4),SIT3020,1
개별연구지도(5),SIT3025,1
나노공정프로젝트,SIT4201,4
통섭연구(1),SIT4202,3
SW프로젝트,SIT4204,4
통섭연구(2),SIT4308,3
메카트로닉스프로젝트,SIT4312,4
농구,SLS1101,1
태권도(1),SLS1103,1
수영(1),SLS1104,1
유도(1),SLS1107,1
골프(1),SLS1109,1
테니스(1),SLS1113,1
테니스(2),SLS1114,1
배드민턴,SLS1115,1
요가(1),SLS1121,1
동계스포츠(1),SLS1200,1
스포츠응용산업학개론,SLS1201,3
스포츠행정및경영,SLS1202,3
태권도(2),SLS2106,1
재활운동실기,SLS2110,1
보디빌딩(1),SLS2111,1
스킨스쿠바,SLS2112,1
골프(2),SLS2114,1
승마(1),SLS2117,1
수상스포츠,SLS2118,1
수영(2),SLS2120,1
승마(2),SLS2122,1
보디빌딩(2),SLS2131,1
풋살(1),SLS2161,1
피클볼(1),SLS2181,1
스포츠문화사,SLS2202,3
스포츠사회학,SLS2203,3
축구(1),SLS2209,1
야구(1),SLS2210,1
스포츠응용심리학,SLS2218,3
퍼포먼스트레이닝,SLS2231,1
축구(2),SLS2300,1
골프비즈니스경영,SLS2766,3
스포츠조직및거버넌스,SLS2767,3
신체활동과건강증진,SLS2768,3
평생스포츠탐색,SLS2770,3
근력운동과컨디셔닝운동의해부,SLS3118,3
여가학,SLS3204,3
스포츠투어리즘,SLS3205,3
특수체육,SLS3210,3
발레필라테스,SLS3230,1
스포츠정책의이해,SLS3303,3
뉴스포츠지도및실습,SLS3312,3
스포츠저널리즘,SLS3323,4
스포츠스폰서십마케팅,SLS3401,3
운동기술향상및관리,SLS4002,3
경기분석방법론,SLS4003,3
졸업실기ⓟ,SLS4102,1
스포츠응용산업전공실습(2),SLS4202,1
스포츠정책및법,SLS4205,3
스포츠응용산업연구법,SLS4206,3
스포츠응용산업윤리및리더십,SLS4207,3
스포츠레저카운셀링,SLS4209,3
스포츠의학의이론과실제,SLS4210,3
스포츠비즈니스,SLS4211,3
스포츠서비스,SLS4212,3
스포츠와정신건강,SLS4213,3
자연과스포츠교육론,SLS4215,3
스포츠커뮤니케이션,SLS4222,3
사회학의이해,SOC1002,3
사회문제,SOC1003,3
근대사회사상의흐름,SOC1004,3
사회조사입문,SOC2102,3
사회통계학,SOC2103,3
수리사회학,SOC2105,3
인권과사회,SOC2106,3
미래의사회학,SOC2107,3
교육과사회불평등,SOC3000,3
사회사상,SOC3202,3
사회학이론,SOC3204,3
생애과정과사회이동,SOC3302,3
도시공간과사회,SOC3304,3
사회구조와행위론,SOC3306,3
조직이론,SOC3307,3
문화와사회,SOC3311,3
한국사회론,SOC3312,3
사회학특강(2),SOC3315,3
사회변동,SOC3401,3
동아시아사회비교,SOC3402,3
사회정책,SOC3501,3
정치사회학,SOC3503,3
사회심리학,SOC3601,3
가족사회학,SOC3603,3
지식ㆍ정보사회,SOC3604,3
대중문화연구,SOC3610,3
성과사회,SOC3611,3
예술과사회,SOC3613,3
영화와사회,SOC3614,3
사회학특강(1),SOC3701,3
사회학특강(3),SOC3704,3
경제사회학,SOC3706,3
발전사회학,SOC3707,3
인지심리사회학,SOC3801,3
일반사회교육론,SOC3830,3
일반사회논리및논술,SOC3831,3
일반사회교재연구및지도법,SOC3832,3
사회참여적예술,SOC3833,3
재난사회학,SOC3995,3
사회연구논문,SOC4101,3
종교사회학,SOC4102,3
시민사회론,SOC4104,3
현대조직연구,SOC4106,3
사회과학방법론,SOC4108,3
의료사회학,SOC4110,3
시장과사회,SOC4113,3
사회현장실습(인턴쉽),SOC4114,3
역사사회학,SOC4115,3
비교사회학,SOC4116,3
현대사회론,SOC4117,3
사회계층과불평등,SOC4118,3
법과사회,SOC4119,3
사회조사분석,SOC4121,3
몸과마음의사회학,SOC4122,3
현대사회학이론특강,SOC4204,3
일과직업,SOC4303,3
동아시아의대안적근대성,SOC4305,3
집합행동과사회운동,SOC4501,3
범죄사회학,SOC4503,3
한국사회의변동과사회사상,SOC4702,3
연결망이론과분석,SOC4703,2
소셜데이터조사분석,SOC4704,3
사회과학도를위한법의이해,SOS2001,3
데이터기반사회분석,SOS2002,3
사회과학도를위한민법의기초,SOS2004,3
파이썬을이용한데이터과학입문,SOS2005,3
전산사회과학의이론과실제,SOS2006,3
AI융복합사회과학캡스톤:정치와정책,SOS2007,3
디지털인류학연습,SOS3001,3
디지털도시,SOS3002,3
사회과학자양성세미나,SOS4001,3
데이터사회과학,SOS4002,3
파이썬을이용한온라인데이터분석,SOS4003,3
사회복지개론,SOW1101,3
사회과학과사회복지,SOW2101,3
사회복지발달사,SOW2102,3
사회복지실천론,SOW2103,3
인간행동과사회환경,SOW2104,3
교정복지론,SOW3102,3
노인복지론,SOW3103,3
보건복지론,SOW3104,3
빈곤론,SOW3105,3
사회문제론,SOW3106,3
사회복지실천기술론,SOW3107,3
사회복지윤리와철학,SOW3108,3
사회복지자료분석론,SOW3109,3
사회복지정책론,SOW3110,3
사회복지조사론,SOW3111,3
사회복지특강,SOW3113,3
사회복지행정론,SOW3114,3
사회복지현장실습,SOW3115,3
산업복지론,SOW3116,3
아동복지론,SOW3117,3
여성복지론,SOW3118,3
의료사회사업론,SOW3119,3
자원봉사론,SOW3120,3
장애인복지론,SOW3121,3
정신보건사회복지론,SOW3122,3
지역사회복지론,SOW3123,3
청소년복지론,SOW3124,3
학교사회사업론,SOW3125,3
사회복지와인권,SOW3126,3
고급사회복지현장실습,SOW4101,3
고급사회복지특강,SOW4103,3
비영리조직관리와사회복지,SOW4105,3
사회보장론,SOW4106,3
사회복지법제,SOW4107,3
프로그램개발과평가,SOW4108,3
폭력과사회복지,SOW4110,3
가족복지론,SOW4111,3
통계학입문,STA1001,3
미분적분학,STA1002,3
UT세미나,STA2005,1
선형대수,STA2102,3
수리통계학(1),STA2103,3
R과파이썬프로그래밍,STA2104,3
통계방법론,STA2105,3
다변량통계분석,STA3102,3
범주형자료분석,STA3104,3
베이즈통계,STA3105,3
비모수통계학,STA3107,3
생존자료분석,STA3108,3
수리통계학(2),STA3109,3
시계열분석,STA3110,3
실험계획법,STA3111,3
응용확률모형론,STA3113,3
탐색적자료분석,STA3115,3
통계학의응용(1),STA3122,3
데이터사이언스표본추출이론,STA3123,3
데이터사이언스를위한확률과정,STA3124,3
회귀분석,STA3125,3
수리통계학(1),STA3126,3
통계전산,STA3127,3
금융리스크관리실무와통계학,STA3129,3
데이터사이언스실전(1),STA3130,1
데이터사이언스실전(2),STA3131,1
데이터공학,STA3133,3
데이터사이언스를위한자료구조및알고리즘,STA3135,3
딥러닝,STA3140,3
머신러닝을위한수학,STA3141,3
통계적머신러닝,STA3142,3
데이터사이언스를위한컴퓨터비전,STA3143,3
강화학습,STA3150,3
그래프신경망모형,STA3200,3
금융통계학,STA4102,3
데이터마이닝,STA4103,3
이론통계학(2),STA4104,3
통계학의응용(2),STA4108,3
통계자료분석,STA4109,3
실해석학,STA4110,3
보험통계,STA4111,3
보험통계(2),STA4112,3
손해보험통계,STA4114,3
이론통계학(1),STA4115,3
데이터사이언스(2):네트워크자료분석,STA4117,3
인과적추론,STA4118,3
데이터사이언스를위한QISKIT,STA4119,3
고급데이터사이언스방법론,STA4120,3
데이터사이언스를위한정보이론,STA4122,3
데이터사이언스를위한최적화개론,STA4123,3
생성모델,STA4124,3
고차원자료분석,STA4125,3
"INTRODUCTION TO SCIENCE, TECHNOLOGY, AND POLICY",STP1001,3
POLICY ANALYSIS,STP2001,3
PHILOSOPHY OF SCIENCE AND TECHNOLOGY,STP2002,3
THE RISE OF MODERN SCIENCE,STP2004,3
IT AND SOCIO-ECONOMIC CHANGE,STP2006,3
POLITICS OF WASTE: ECOLOGY AND THE COMMONS,STP2008,3
TEXT ANALYSIS WITH PYTHON,STP2009,3
ECOLOGY AND LAW,STP3001,3
HUMAN BRAIN IN SOCIAL CONTEXT,STP3002,3
ETHICS AND EMERGING TECHNOLOGY,STP3003,3
POLITICAL ECONOMY OF FUNDING R&D,STP3004,3
ORGANIZATION THEORY,STP3006,3
SOCIAL INNOVATION SEMINAR,STP3007,3
LEGAL APPROACH TO HEALTH AND TECHNOLOGY,STP3008,3
BIG DATA AND PRIVACY,STP3009,3
"KNOWLEDGE, INFORMATION AND SOCIETY",STP3010,3
DISPUTE RESOLUTION TECH,STP3011,3
TEXT ANALYSIS WITH R,STP3012,3
COMPUTATIONAL POLICY AND PROJECT ANALYSIS,STP3013,3
"SCIENCE, TECHNOLOGY, INNOVATION AND POLICY",STP4001,3
"SEMINAR ON SCIENCE, TECHNOLOGY, AND POLICY ISSUES",STP4002,3
TECHNOLOGIES AND SOCIAL CHANGES IN A CONNECTED SOCIETY,STP4003,3
TRANSFORMATIVE SOCIAL INNOVATION,STP4004,3
POLICY EVALUATION IN PRACTICE,STP4005,3
TECHNOLOGIES IN FINANCIAL INDUSTRY AND POLICY,STP4006,3
TECHNOLOGY AND WORK,STP4008,3
데이터구조론,SWE2001,3
오픈소스SW와리눅스,SWE2002,3
객체지향프로그래밍,SWE2003,3
논리회로설계,SWE2004,3
회로이론,SWE2005,3
기초데이터구조,SWE2006,3
알고리즘기초,SWE2007,3
시스템프로그래밍,SWE2008,3
웹프로그래밍,SWE2009,3
컴퓨터구조론,SWE2010,3
신호및시스템,SWE2011,3
선형대수입문,SWE2012,3
SW창의설계,SWE2013,2
기초알고리즘,SWE2014,3
기초프로그래밍,SWE2015,3
운영체제,SWE3001,3
프로그래밍언어구조론,SWE3002,3
윈도우프로그래밍,SWE3003,3
확률및랜덤변수,SWE3004,3
선형대수활용,SWE3005,3
AI수학,SWE3006,3
마이크로프로세서,SWE3007,3
통신시스템,SWE3008,3
암호학,SWE3009,3
SW프로젝트실전영어,SWE3010,2
영상처리,SWE3011,3
디지털통신,SWE3012,3
소프트웨어공학,SWE3013,3
병렬프로그래밍,SWE3014,3
모바일프로그래밍,SWE3015,3
인공지능,SWE3016,3
데이터베이스,SWE3017,3
데이터마이닝,SWE3018,3
디지털신호처리,SWE3019,3
수치해석과최적화,SWE3020,3
그래프이론과활용,SWE3021,3
임베디드시스템,SWE3022,3
컴퓨터네트워크,SWE3023,3
정보보안,SWE3024,3
오픈소스SW응용과제,SWE3025,3
(기존 CSE3007),SWE3026,3
융합SW인턴십,SWE3027,3
융합SW프로젝트,SWE3028,3
컴파일러설계,SWE4001,3
웹서비스응용,SWE4002,3
기계학습개론,SWE4003,3
빅데이터처리,SWE4004,3
지능형멀티미디어시스템,SWE4005,3
수치편미분방정식,SWE4006,3
로봇알고리즘,SWE4007,3
임베디드하드웨어설계,SWE4008,3
데이터통신,SWE4009,3
컴퓨터보안,SWE4010,3
산학공동프로젝트,SWE4011,2
학부연구(1),SWE4012,2
소프트웨어검증,SWE4013,3
알고리즘분석,SWE4014,3
자연어처리,SWE4015,3
바이오컴퓨팅,SWE4016,3
정보검색,SWE4017,3
스마트미디어통신,SWE4018,3
모델링및시뮬레이션,SWE4019,3
산업수학과역문제,SWE4020,3
IoT응용프로그래밍,SWE4021,3
정보보안응용,SWE4022,3
디지털포렌식,SWE4023,3
프로젝트몰입과제,SWE4024,9
PBL2Startup프로젝트,SWE4025,9
학부연구(2),SWE4026,2
SW엔지니어소양세미나,SWE4027,1
융합캡스톤디자인,SWE4028,2
SW인턴십(1),SWE4029,1
SW인턴십(2),SWE4030,1
SW인턴십(3),SWE4031,1
SW인턴십(4),SWE4032,9
SW장기인턴십(1),SWE4033,2
SW장기인턴십(2),SWE4034,2
SW장기인턴십(3),SWE4035,2
AI보안,SWE4036,3
회로이론,SYS2101,3
아날로그회로실험,SYS2102,3
기초디지털논리회로,SYS2103,3
재료과학의기초,SYS2104,3
데이터구조및알고리즘,SYS2105,3
시스템반도체개론,SYS2106,3
신호와시스템,SYS3001,3
전자회로1,SYS3002,3
전자기학,SYS3004,3
반도체소자물리,SYS3005,3
확률및랜덤변수,SYS3101,3
전자회로설계및실험,SYS3102,3
전자회로2,SYS3103,3
컴퓨터구조론,SYS3104,3
양자역학,SYS3105,3
메모리소자,SYS3106,3
운영체제,SYS3107,3
디지털설계및실험,SYS3108,3
디지털집적회로설계,SYS3201,3
시스템반도체설계론,SYS3202,3
MPU설계,SYS3203,3
MPU설계실험,SYS3204,3
고체물리학,SYS3205,3
반도체공정론,SYS3206,3
시스템반도체소프트웨어설계,SYS3208,3
시스템프로그래밍,SYS3209,3
아날로그집적회로설계,SYS4101,3
반도체소자제작실험,SYS4105,3
인공지능개론,SYS4106,3
현장학습,SYS4203,3
시스템반도체설계,SYS4204,3
디지털IC설계실험,SYS4205,3
기계학습개론,SYS4207,3
시스템아카텍처특론,SYS4208,3
로직소자,SYS4209,3
NEW PRODUCT AND SERVICE DEVELOPMENT,TAP3001,3
TECHNO-ART CAPSTONE PROJECT,TAP4001,6
SOCIAL INNOVATION CAPSTONE PROJECT,TAP4003,2
신학실천ⓟ,THE1003,1
연세신학입문,THE1205,3
신앙과정신건강,THE2004,3
종교심리학,THE2007,3
기독교상담의이론과실제,THE2009,3
사회와실천,THE2015,3
문화와상상력,THE2016,3
한국교회사,THE2301,3
신학과사상개론,THE2906,3
신학방법론,THE2907,3
텍스트와해석101,THE2908,3
성서히브리어1,THE2909,3
생태학과심리치료,THE2914,3
진로코칭과소명,THE3213,3
한국신학의거인들,THE3216,3
성서그리스어1,THE3219,3
그리스로마문학과신약성서,THE3220,3
비서구기독교사,THE3307,3
조직신학,THE3406,3
인공지능과종교,THE3409,3
기독교윤리학,THE3501,3
사회윤리학,THE3502,3
"시장,윤리사회",THE3506,3
"폭력,화해평화",THE3509,3
삶과죽음사이:의료생명윤리,THE3510,3
약속의땅과이주민,THE3515,3
기독교교육학,THE3601,3
최근의기독교교육연구,THE3607,3
문화신학,THE3813,3
종교적상상력과예술,THE3821,3
섹슈엘리티와영성,THE3825,3
선교와국제개발협력,THE3826,3
대인관계와성숙한삶,THE3827,3
해석학의역사,THE3909,3
정신분석과종교,THE3910,3
여성신학,THE3914,3
인간과종교,THE3916,3
현대신학의거인들,THE3917,3
21세기다문화신학,THE3921,3
고대이스라엘의종교와역사,THE3922,3
글로벌시대의기독교교육학,THE3923,3
무신론과종교비판,THE3927,3
비판사회학과기독교교육,THE3932,3
성서그리스어2,THE3933,3
예술과종교,THE3935,3
세계교회사1,THE3939,3
남북화해와북한선교,THE3940,3
철학과신학의만남,THE3941,3
세계교회사2,THE3943,3
성서히브리어2,THE3945,3
생태와신학의만남,THE3946,3
"종교,교육,실천",THE3947,3
이야기심리학과상담,THE3951,3
"예언자:역사,메시지상황화",THE3952,3
바울의삶과정치신학,THE3955,3
사도들의 선교,THE3966,3
몸의철학과신학,THE3967,3
발달심리와인간성장,THE3968,3
"정의,평화,생명",THE3969,3
종교와사회변동,THE3970,3
초기기독교와인종담론,THE4203,3
"돌봄,상담그리고코칭",THE4916,3
신학적상상력,THE4918,3
신학과인도주의,THE4919,3
"유대교로, 마제국,진리그, 리고요한복음",THE4924,3
오늘의눈으로다시보는구약성서의신학,THE4925,3
"오경해석:기억,역사정체성",THE4927,3
외교통상국제기구론,TRA3101,3
외교통상투자분쟁해결사례연구,TRA3105,3
통합사회교재연구및지도법,TTM3015,3
통합과학교재연구및지도법 영역-3과목,TTM3021,3
교육학개론,TTP2001,2
교육철학 및 교육사,TTP2002,2
교육방법 및 교육공학,TTP2004,2
교육사회,TTP2005,2
교육심리,TTP2006,2
교육행정 및 교육경영,TTP2007,2
교육봉사활동(1),TTP2008,1
교육봉사활동(2),TTP2009,1
교육과정,TTP2010,2
교육평가,TTP2011,2
국어교재연구및지도법,TTP3801,2
중국어교재연구및지도법,TTP3802,2
영어교재연구및지도법,TTP3803,3
독어교재연구및지도법,TTP3804,2
불어교재연구및지도법,TTP3805,2
노어교재연구및지도법,TTP3806,2
역사교재연구및지도법,TTP3807,3
철학교재및연구법,TTP3808,2
심리학교재연구및지도법,TTP3811,2
수학교재및연구지도법 I,TTP3812,2
과학교재연구및지도법,TTP3813,3
지구과학교재연구법,TTP3814,3
종교교재연구및지도법,TTP3815,2
음악교재연구및지도법,TTP3816,2
유아교재연구및지도법,TTP3817,2
공통사회교재연구및지도법,TTP3818,2
철학교육론,TTP3820,3
철학논리및논술,TTP3822,3
음악교육과정,TTP3823,3
음악교육론,TTP3824,3
프랑스어교육론,TTP3825,3
독일어교육론,TTP3826,3
외국어평가방법론,TTP3829,3
러시아어교육론,TTP3846,3
교육실습(중등학교),TTP4001,2
교육현장연구지도,TTP4007,1
교직실무¹⁾,TTP4008,2
수학교육론,TTP4009,3
수리논리및논술,TTP4010,3
학교폭력예방및학생의이해¹⁾,TTP4100,2
CELL BIOLOGY (1),UBC2002,3
CELL BIOLOGY (2),UBC2003,3
ECOLOGY,UBC2004,3
ISE BIOCHEMISTRY (1),UBC2005,3
LAB ON BIOCHEMISTRY AND MOLECULAR BIOLOGY,UBC3002,3
IMMUNOLOGY,UBC3003,3
PHYSIOLOGY,UBC3005,3
ISE MOLECULAR BIOLOGY,UBC3007,3
INTRODUCTION TO SYNTHETIC BIOLOGY AND CELL ENGINEERING,UBC3008,3
MOLECULAR BIOLOGY OF CANCER,UBC3009,3
BIOMATERIALS,UBC3101,3
BC SENIOR THESIS,UBC4001,3
CHEMICAL BIOLOGY,UBC4002,3
NEURODEGENERATIVE DISORDERS,UBC4004,3
CONCEPTS IN BIOINFORMATICS,UBC4005,3
INTRODUCTION TO COMPUTATIONAL NEUROSCIENCE,UBC4006,3
BIOTECHNOLOGY,UBC4007,3
SYNTHETIC BIOLOGY AND GENETIC ENGINEERING,UBC4012,3
IMMUNOENGINEERING,UBC4013,3
시민사회와자원봉사,UCD1105,3
미술사,UCE1102,3
세계화시대의국제관계,UCF1104,3
동아시아신화기행,UCG1130,3
페미니즘의이해,UCI1124,3
사회봉사,UCI2001,3
일본의문화와예술,UCK1109,3
러시아어연습(1),UCK1130,3
Yonsei RC101,UCR1007,1
사회참여,UCR1015,1
FRESHMAN WRITING INTENSIVE SEMINAR (WRITING TUTORIAL),UIC1101,3
SCIENTIFIC WRITING,UIC1151,3
"WORLD LITERATURE: LITERATURE, CULTURE, AND MEDIA",UIC1200,3
WORLD LITERATURE: CLASSICAL LITERATURE,UIC1201,3
WORLD LITERATURE: EAST ASIAN LITERATURE,UIC1251,3
WORLD LITERATURE: MODERN EUROPEAN LITERATURE,UIC1301,3
WORLD LITERATURE: ENGLISH AND AMERICAN LITERATURE,UIC1351,3
WORLD LITERATURE: COMPARATIVE LITERATURE,UIC1401,3
WORLD LITERATURE: MODERN JAPANESE LITERATURE,UIC1451,3
WORLD HISTORY: GROUP I,UIC1501,3
SOCIAL COGNITION,UIC1502,3
HISTORY OF SCIENCE & TECHNOLOGY,UIC1541,3
WORLD HISTORY: GROUP II,UIC1551,3
WESTERN CIVILIZATION,UIC1561,3
EASTERN CIVILIZATION,UIC1581,3
TOPICS IN FICTION,UIC1601,3
WORLD HISTORY: DIVIDED TOGETHER,UIC1653,3
INTRODUCTION TO LAW,UIC1709,3
SCIENCE IN SOCIETY,UIC1751,3
INTRODUCTION TO MUSIC AND ITS MEANING,UIC1802,3
BEGINNING KOREAN(1),UIC1804,3
BEGINNING CHINESE(1),UIC1805,3
BEGINNING JAPANESE(1),UIC1806,3
BEGINNING KOREAN(2),UIC1808,3
BEGINNING CHINESE(2),UIC1809,3
BEGINNING JAPANESE(2),UIC1810,3
WORLD PHILOSOPHY,UIC1901,3
UIC RESEARCH PROJECT - GLOBAL,UIC1910,1
WORLD LITERATURE: 18-19TH CENTURY LITERATURE,UIC1915,3
INTRODUCTION TO THE SCIENCE OF THE MIND,UIC1918,3
SCIENCE IN CONTEXT,UIC1920,3
UIC RESEARCH PROJECT - KOREA,UIC1923,1
UIC ORGANIC CHEMISTRY (2),UIC2003,3
UIC ORGANIC CHEMISTRY (1),UIC2004,3
CRITICAL REASONING,UIC2101,3
RESEARCH DESIGN AND QUANTITATIVE METHODS,UIC2151,3
INTERMEDIATE KOREAN(1),UIC2302,3
INTERMEDIATE JAPANESE(1),UIC2306,3
INTERMEDIATE CHINESE(1),UIC2307,3
INTERMEDIATE KOREAN(2),UIC2310,3
INTERMEDIATE CHINESE(2),UIC2311,3
INTERMEDIATE JAPANESE(2),UIC2312,3
INTRODUCTION TO CREATIVE WRITING,UIC2313,3
DISTINGUISHED VISITING FACULTY SEMINAR,UIC3101,3
SOCIAL CHANGE IN MODERN KOREA,UIC3112,3
ADVANCED KOREAN,UIC3201,3
ADVANCED CHINESE,UIC3202,3
ADVANCED JAPANESE,UIC3203,3
ADVANCED KOREAN READING,UIC3204,3
ADVANCED CHINESE READING,UIC3205,3
ADVANCED JAPANESE READING,UIC3206,3
ADVANCED KOREAN WRITING,UIC3207,3
UIC SEMINAR,UIC3501,3
MORAL PSYCHOLOGY,UIC3511,3
LAW AND THE 4TH INDUSTRIAL REVOLUTION,UIC3512,3
ART AND SOCIETY,UIC3513,3
HISTORY AND MEMORY IN EAST ASIA,UIC3514,3
LAW AND TECHNOLOGY,UIC3515,3
SPECIAL TOPICS IN FICTION,UIC3516,3
TOPICS IN ECONOMIC HISTORY,UIC3517,3
ITALIAN RENAISSANCE ART,UIC3519,3
ADVANCED FICTION WORKSHOP,UIC3520,3
SPECIAL TOPICS IN POETRY,UIC3522,3
TOPICS IN GENDER STUDIES,UIC3523,3
TOPICS IN JAPANESE HISTORY,UIC3524,3
ABNORMAL PSYCHOLOGY,UIC3525,3
TECHNOLOGY AND SOCIETY,UIC3527,3
TOPICS IN LITERARY TRANSLATION 󰎇,UIC3528,3
SHINHAN SEMINAR: LITERATURE,UIC3529,3
PHILOSOPHY AND THE ARTS,UIC3531,3
BUSINESS AND SOCIAL RESPONSIBILITY,UIC3532,3
ADVANCED STUDIES IN COMMUNICATION,UIC3533,3
ADVANCED DEBATE WORKSHOP,UIC3535,3
ETHNOGRAPHIC APPROACHES,UIC3536,3
TOPICS IN ECONOMICS,UIC3537,3
MARRIAGE AND THE FAMILY,UIC3538,3
ADVANCED CREATIVE WRITING: NARRATIVE COMPOSITION,UIC3546,3
TOPICS IN POSTCOLONIAL STUDIES,UIC3547,3
DREAMS AND DREAM WRITING,UIC3548,3
WALTER BENJAMIN'S CITIES,UIC3549,3
STUDIES IN ANGLOPHONE LITERATURE,UIC3550,3
MODERN GERMAN PHILOSOPHY,UIC3552,3
MODERN FRENCH HISTORY,UIC3553,3
TOPICS IN JAPANESE LITERATURE AND CULTURE,UIC3554,3
COMPARATIVE POLITICAL PHILOSOPHY,UIC3555,3
STUDIES IN ENGLISH LITERATURE,UIC3556,3
TOPICS IN ASIAN LITERATURE,UIC3557,3
STUDIES IN AMERICAN LITERATURE,UIC3558,3
TOPICS IN THE PHILOSOPHY OF SCIENCE,UIC3559,3
TOPICS IN SOCIAL HISTORY,UIC3560,3
THE HISTORY OF SEXUALITY,UIC3561,3
LITERARY THEORY AND CRITICISM,UIC3562,3
INTRODUCTION TO CONTINENTAL PHILOSOPHY,UIC3563,3
NATURE WRITING,UIC3564,3
HISTORY OF CHINA: THEMES AND METHODS,UIC3565,3
STUDIES IN POETRY,UIC3566,3
WORLD WAR I: GLOBAL PERSPECTIVES,UIC3567,3
TOPICS IN CLASSICAL GREEK PHILOSOPHY,UIC3568,3
LITERATURE AND PSYCHOANALYSIS,UIC3569,3
METHODS AND CONCEPT FOR THE STUDY OF HISTORY,UIC3572,3
THE GOOD LIFE,UIC3573,3
FORMAL METHODS,UIC3574,3
MODERN GERMAN HISTORY,UIC3575,3
VISUAL CULTURE,UIC3576,3
"INTRODUCTION TO LITERARY THEORY: LANGUAGE, CULTURE, MYTH",UIC3577,3
"AESTHETICS, POLITICS AND HISTORY IN KANT",UIC3578,3
TOPICS IN MODERN KOREAN HISTORY,UIC3579,3
CRIME FICTION,UIC3580,3
TOPICS IN AESTHETICS,UIC3581,3
EMPIRES IN WORLD HISTORY,UIC3582,3
BRITISH AND IRISH HISTORY,UIC3583,3
"PHOTOGRAPHY, WAR, AND HISTORY",UIC3584,3
TOPICS IN GERMAN IDEALISM,UIC3585,3
TWENTIETH-CENTURY PHILOSOPHY OF SCIENCE,UIC3586,3
"CULTURE, MEDIA, AND THE POLITICS OF BEAUTY",UIC3587,3
BIBLICAL LITERATURE AND THE ANCIENT NEAR EAST,UIC3588,3
TOPICS IN MEDIA STUDIES,UIC3589,3
SHINHAN SEMINAR: PHILOSOPHY,UIC3591,3
MODERNISM AND MYTHOLOGY,UIC3592,3
REGIONALISM IN EAST ASIA,UIC3593,3
AMERICAN INDEPENDENT CINEMA,UIC3594,3
"METAPHYSICS: SELF, IDENTITY, AND FREE WILL",UIC3595,3
SHINHAN SEMINAR: HISTORY,UIC3596,3
TRANSLATION OF ASIA THROUGH FILM,UIC3597,3
FICTION WORKSHOP: FROM SHORT STORY TO NOVEL,UIC3600,3
STUDIES IN SHAKESPEARE,UIC3602,3
FRENCH CINEMA,UIC3603,3
"LANGUAGE, HISTORY AND POLITICS IN JEAN-JACQUES ROUSSEAU",UIC3604,3
TOPICS IN CONTINENTAL PHILOSOPHY,UIC3605,3
READINGS IN COLONIAL PERIOD KOREAN LITERATURE,UIC3606,3
TOPICS IN COMPARATIVE LITERATURE,UIC3607,3
INTERNATIONAL RELATIONS OF THE ASIA-PACIFIC,UIC3610,3
MODERN KOREAN LITERATURE,UIC3611,3
HISTORY OF CHINA: TIME AND SPACE,UIC3613,3
LAW AND POLICY,UIC3614,3
THE SOCIOLOGY OF BIBLICAL LITERATURE,UIC3615,3
HISTORY AND FICTION,UIC3616,3
"MASCULINITIES, MODERNITY, AND MEN",UIC3617,3
ADVANCED STUDIES IN POETRY,UIC3618,3
MODERNITY AND FASHION THEORY,UIC3619,3
GENRE STUDIES: READING AND WRITING GENRE FICTION,UIC3620,3
TOPICS IN FILM STUDIES,UIC3622,3
COLONIAL HISTORY,UIC3623,3
TOPICS IN COGNITIVE SCIENCE,UIC3625,3
LITERATURE AND PEDAGOGY,UIC3629,3
WORLD WAR Ⅱ: GLOBAL PERSPECTIVES,UIC3630,3
ADVANCED STUDIES IN FICTION AND PROSE,UIC3631,3
THE NEW HOLLYWOOD,UIC3632,3
FICTIONS WORKSHOP: EXPLORING BORDERS,UIC3633,3
TOPICS IN EUROPEAN HISTORY,UIC3634,3
PHILOSOPHY OF PSYCHOANALYSIS,UIC3636,3
GENDER IN EURASIAN HISTORY,UIC3638,3
"GENERATING, READING AND CRAFTING POETRY WRITTEN FOR THE NOW",UIC3640,3
TOPICS IN ASIAN ART,UIC3641,3
CREATIVE LITERARY TRANSLATION: FROM THEORY TO EXPERIMENT,UIC3642,3
MAJOR PHILOSOPHERS,UIC3643,3
TOPICS IN MODERNISM,UIC3644,3
TOPICS IN INTELLECTUAL HISTORY,UIC3645,3
TOPICS IN RELIGIOUS HISTORY,UIC3646,3
TOPICS IN CRITICAL THEORY,UIC3647,3
STUDIES IN MODERN EUROPEAN LITERATURE,UIC3648,3
TOPICS IN CULTURAL STUDIES,UIC3649,3
PERSPECTIVES ON LAW IN SOCIETY,UIC3650,3
LIFE WRITING,UIC3652,3
ATLANTIC WORLD HISTORY,UIC3653,3
PHILOSOPHY OF KNOWLEDGE,UIC3654,3
PHILOSOPHY OF RACE AND GENDER,UIC3655,3
"SCIENCE, MEDICINE, AND SOCIETY",UIC3656,3
SOCIOLOGY OF EDUCATION,UIC3657,3
TOPICS IN COMPARATIVE HISTORY,UIC3658,3
TOPICS IN FEMINISM,UIC3659,3
TOPICS IN GLOBAL INNOVATION,UIC3660,3
SHINHAN SEMINAR,UIC3661,3
CULTURAL TRADITION IN EAST ASIA,UIC3663,3
SENIOR THESIS: INDEPENDENT STUDY,UIC4801,3
SHINHAN VISITING FACULTY SEMINAR,UIC4803,3
기독교의이해,UNB1001,3
기독교의이해,UNB2001,3
의학영어(3영역),UWD2002,3
벤처와스타트업경영실제,VEN3103,3
블록체인비즈니스,VEN3105,3
정보미디어실습,VID2001,3
편집디자인개론,VID2003,3
시각디자인1,VID2006,3
편집디자인(1),VID2007,3
타이포그래피(2),VID2008,3
일러스트레이션,VID2012,3
패키지디자인기초,VID2013,3
타이포그래피,VID2015,3
타입&이미지,VID2016,3
인터랙티브디자인(캡스톤디자인),VID2018,3
모션그래픽스,VID2019,3
사진과디지털이미지,VID2020,3
시각디자인(2),VID3001,3
편집디자인(2),VID3003,3
디자인비즈니스,VID3018,3
그래픽디자인(1),VID3020,3
커뮤니케이션디자인응용,VID3024,3
패키지디자인(캡스톤디자인),VID3025,3
졸업작품워크샵(캡스톤디자인),VID3027,3
정보디자인,VID3033,3
비주얼콘텐츠디자인(캡스톤디자인),VID3035,3
아이덴티티디자인,VID3036,3
비주얼인터랙션디자인(캡스톤디자인),VID3037,3
영상콘텐츠디자인,VID3038,3
포트폴리오웍샵(캡스톤디자인),VID4001,3
졸업프로젝트(캡스톤디자인),VID4002,3
브랜드커뮤니케이션디자인,VID4003,3
광고콘텐츠디자인,VID4008,3
인터랙션디자인스튜디오,VID4010,3
전공실기,VOM1101,3
합창(베리타스콰이어),VOM1102,2
독일어딕션(1),VOM1203,1
독일어딕션(2),VOM1204,1
이태리어딕션(1),VOM1205,1
이태리어딕션(2),VOM1206,1
불어딕션(1),VOM2205,1
불어딕션(2),VOM2206,1
영어딕션(1),VOM2207,1
영어딕션(2),VOM2208,1
이태리가곡클래스(1),VOM2209,2
이태리가곡클래스(2),VOM2210,2
IPA(1),VOM2211,1
IPA(2),VOM2213,1
독일가곡클래스(1),VOM3201,2
독일가곡클래스(2),VOM3202,2
불어가곡클래스(1),VOM3203,2
불어가곡클래스(2),VOM3204,2
성악문헌(1),VOM3209,2
성악문헌(2),VOM3210,2
음성학,VOM3211,1
영어가곡클래스(1),VOM3212,2
영어가곡클래스(2),VOM3213,2
오페라앙상블클래스(1),VOM4218,3
오페라액팅클래스(1),VOM4221,3
오페라액팅클래스(2),VOM4222,3
오페라앙상블클래스(2),VOM4223,3
한국가곡클래스(1),VOM4224,2
한국가곡클래스(2),VOM4225,2
세포유전학,WCM1105,3
의화학,WCM1107,3
노벨생리의학상,WCM1111,2
비거게임,WCM1112,3
합창,WCM1113,3
환자-의사-사회Ⅰ(2영역),WCM1114,3
클래식음악의이해와감상,WCM1116,3
인체발생학,WCM2108,3
채플,WCM2216,0.5
채플,WCM2217,0.5
인체의구조Ⅰ,WCM2301,7
인체의구조Ⅱ,WCM2302,4
세포의기능과조절Ⅰ,WCM2303,6
환자-의사-사회I,WCM2304,3
세포의기능과조절Ⅱ,WCM2306,2.5
병리학,WCM2307,2.5
약리의이해,WCM2308,3
기초신경과학,WCM2309,4
감염병학의기초,WCM2310,3
환자-의사-사회II,WCM2311,2
의통계학및실습,WCM2313,2
창의의학입문,WCM2314,2
국제협력과국제의료,WCM3121,2
환자-의사-사회Ⅲ,WCM3123,2
면역학,WCM3124,3
감염학,WCM3125,4
호흡기학,WCM3126,5
순환기학,WCM3127,5
소화기학,WCM3128,6
내분비대사학,WCM3130,5
혈액및종양학,WCM3131,5
기초의학종합평가,WCM3132,1
외과학의이해,WCM3645,1
채플ⓟ,WCM3646,0.5
채플ⓟ,WCM3647,0.5
기독교와의학,WCM4131,2
신경과학,WCM4142,2
정신과학,WCM4143,2
생식및여성의학,WCM4144,6
질병예방과건강증진,WCM4145,4
임상의학시기성과Iⓟ,WCM4146,1
신장비뇨기계학,WCM4147,3
근골격학,WCM4148,3
성장과노화,WCM4149,4
피부감각기,WCM4150,3
응급,WCM4151,1
의료정보학,WCM4152,1
기본연구과정/근거중심의학,WCM4153,2
임상의학시기성과IIⓟ,WCM4154,1
기초임상의학종합평가ⓟ,WCM4155,1
채플ⓟ,WCM4156,0.5
채플ⓟ,WCM4157,0.5
임상면담및진단학,WCM5101,4
포괄적심화학습,WCM5103,1
환자-의사-사회Ⅳ,WCM5105,2
소화기내과학실습,WCM5107,2
심장내과학실습,WCM5108,2
호흡기알레르기내과학실습,WCM5109,2
신장내과학실습,WCM5110,1
내분비내과학실습,WCM5111,1
혈액종양내과학실습,WCM5112,1
감염내과학실습,WCM5113,1
류마티스내과학실습,WCM5114,1
외과학실습,WCM5115,6
소아청소년과학실습,WCM5116,6
산부인과학실습,WCM5117,4
정신과학실습,WCM5118,4
영상의학실습,WCM5119,2
일차진료실습Ⅰⓟ,WCM5120,1
임상종합시험Ⅰ,WCM5123,1
보완대체의학(환자-의사-사회V),WCM5125,1
진료수행평가Ⅰ,WCM5126,1
환자안전,WCM5127,2
채플ⓟ,WCM5133,0.5
의학연구실습,WCM5134,2
의료법규(환자-의사-사회VI),WCM6101,1
법의학(환자-의사-사회VI),WCM6102,1
임상종합강의Ⅰⓟ,WCM6103,3
가정의학실습,WCM6108,2
응급의학실습,WCM6109,2
마취통증의학실습,WCM6110,1
신경과학실습,WCM6112,1
진단검사의학실습,WCM6121,1
임상종합강의Ⅱ,WCM6124,3
졸업시험,WCM6125,3
임상종합시험Ⅱ,WCM6130,1
진료수행평가Ⅱ,WCM6133,2
진료수행평가Ⅲ,WCM6134,1
의학과정종합평가,WCM6135,3
지역사회의학실습,WCM6136,1
일차진료실습IIⓟ,WCM6138,1
채플ⓟ,WCM6630,0.5
채플ⓟ,WCM6631,0.5
간호학개론,WCN1101,1
기초간호과학Ⅰ,WCN1102,2
기초간호과학Ⅱ,WCN2213,3
기초간호과학Ⅲ,WCN2214,2
기본간호학Ⅰ,WCN2215,1
기본간호학실습Ⅱ,WCN2216,2
건강사정,WCN2217,2
성인간호학Ⅰ,WCN2218,3
건강사정실습,WCN2219,1
채플,WCN2915,0.5
채플,WCN2916,0.5
전문직과인성,WCN2925,2
간호과정,WCN2926,1
인간관계와의사소통,WCN2927,3
기본간호학실습Ⅰ,WCN2933,1
기본간호학Ⅱ,WCN2936,2
디지털헬스케어기술응용입문,WCN2941,1
디지털헬스데이터관리입문,WCN2943,1
노인간호학,WCN3314,1
간호윤리와법,WCN3318,1
간호연구및통계Ⅰ,WCN3327,2
성인간호학Ⅲ,WCN3342,3
성인간호학Ⅱ,WCN3343,3
지역사회간호학,WCN3344,3
정신건강간호학,WCN3345,3
간호관리학Ⅰ,WCN3346,1
여성건강간호학,WCN3347,3
임상간호실습,WCN3348,4
아동청소년간호학,WCN3349,3
간호관리학Ⅱ,WCN3350,2
근거기반간호입문,WCN3351,1
환자안전,WCN3353,1
간호관리학실습,WCN3404,2
종합시험,WCN3416,1
보건의료법규,WCN3424,1
간호연구및통계Ⅱ,WCN3434,1
보건의사소통의실제,WCN3449,2
응급시뮬레이션실습,WCN3450,2
성인간호학실습,WCN3451,2
응급간호실습,WCN3453,2
외상간호실습,WCN3455,2
여성건강간호학실습,WCN3457,2
아동청소년간호학실습,WCN3459,2
정신건강간호학실습,WCN3461,2
지역사회간호학실습,WCN3463,2
임상추론실습,WCN3908,1
디지털헬스기술과건강관리,WCN3915,3
디지털헬스데이터응용과건강관리,WCN3917,3
채플(1),YCA1001,0.5
채플(2),YCA1002,0.5
채플(3),YCA1003,0.5
채플(4),YCA1004,0.5
CHAPEL(A),YCA1005,0.5
CHAPEL(B),YCA1006,0.5
CHAPEL(C),YCA1007,0.5
CHAPEL(D),YCA1008,0.5
CHRISTIANITY AND WORLD CULTURE,YCA1101,3
MODERN WORLD AND CHRISTIANITY,YCA1102,3
BIBLE AND CHRISTIANITY,YCA1103,3
글쓰기,YCB1101,3
이상행동의심리,YCE1605,3
일본어(1),YCF1351,3
AND HEALTH SCIENCES,YCF1411,3
독일어(1),YCF1451,3
독일어(2),YCF1452,3
독일어(3),YCF1453,3
프랑스어(1),YCF1501,3
프랑스어(2),YCF1502,3
프랑스어(3),YCF1503,3
러시아어(1),YCF1551,3
러시아어(2),YCF1552,3
치위생학입문,YDH1001,2
기초치위생학(1),YDH1002,3
기초치위생학(2)및실습,YDH1003,3
임상치위생학(1),YDH2001,2
임상치위생학(1)실습,YDH2002,1
기초치위생학(3),YDH2003,3
임상치과학(1),YDH2004,2
구강악안면영상학,YDH2005,1
구강악안면영상학실습,YDH2006,1
임상치과학(2),YDH2008,3
치과생체재료공학및실습,YDH2010,2
임상치위생학(2),YDH2011,2
임상치위생학(2)실습,YDH2012,1
사회치위생학(1),YDH2013,1
사회치위생학(1)실습,YDH2014,2
임상치위생학(3),YDH3001,2
임상치위생학(3)실습,YDH3002,3
임상치과학실습(1),YDH3003,1
임상치과학(3),YDH3004,3
임상치위생학(4),YDH3006,2
임상치위생학(4)실습,YDH3007,2
치주기구실습(1),YDH3008,2
교육치위생학(종합설계),YDH3009,3
임상치위생학(5),YDH3010,2
임상치위생학(5)실습,YDH3011,3
임상치위생학(6),YDH3012,2
임상치위생학(6)실습,YDH3013,2
보건의료윤리및법규,YDH3014,3
치주기구실습(2),YDH3015,2
종합시험,YDH3016,1
치위생연구및통계(종합설계),YDH3017,2
임상치과학실습(2),YDH3018,1
사회치위생학(2),YDH3019,1
사회치위생학(2)실습,YDH3020,2
사회치위생학(3)실습:노인치위생과정,YDH3021,3
치과위생사현장실습(1),YDH4001,2
치과위생사현장실습(2),YDH4002,2
치과위생사현장실습(3),YDH4003,2
치과위생사현장실습(4),YDH4004,2
통합기초치위생학,YDH4005,2
IPE(Inter-Professional Education),YDH4006,2
치과의료보험및실습,YDH4007,3
치과감염관리및실습,YDH4008,1
치과위생사현장실습(5),YDH4009,2
치과위생사현장실습(6),YDH4010,2
채플 P,YHA1001,1
채 플,YHA1002,2
성서와기독교,YHB1005,3
글쓰기,YHC1001,3
교양영어Ⅰ,YHD1001,2
교양영어Ⅱ,YHD1002,2
의학영어,YHD1005,3
의학연구방법론,YHD1009,2
말하기,YHD1011,3
리더십개발,YHE1001,2
리더십실습,YHE1002,2
대학학문의세계,YHE1003,1
대학학문의세계,YHE1007,1
리더십실습,YHE1102,2
문학입문,YHF1001,3
연극의이해,YHF1007,3
혼합매체,YHF1013,3
형태와구조,YHF1017,3
서양미술사,YHF1021,3
역사학입문,YHG1001,3
인간행동의심리적이해,YHG1003,3
동양철학사,YHG1009,3
성장발달,YHG1014,3
드로잉,YHH1003,3
디지털표현,YHH1004,3
SW소양영어,YHH1030,2
공공가치와정책,YHI1001,3
철학입문,YHI1002,3
성평등리더십의이해와실천,YHI1003,3
철학과윤리 2과목 이상,YHI1004,3
사회현상의과학적이해,YHI1011,3
경제현안분석,YHJ1002,3
정치학입문,YHJ1003,3
현대사회의법과권리,YHJ1004,3
법학개론,YHJ1005,3
뉴미디어와정보사회,YHJ1007,3
사회과학과사회복지,YHJ1008,3
사회학개론,YHJ1009,3
기업가정신과리더십,YHJ1010,3
경제학입문,YHK1002,3
글로벌시대의행정학,YHK1003,3
글로벌시대의경영학,YHK1004,3
국제개발의역사와실제,YHK1008,3
국제빈곤의이해,YHK1009,3
문화인류학,YHK1010,3
시사국제영어,YHK1011,3
국제개발학의기초,YHK1012,3
지역문화콘텐츠와도시재생복원,YHK1016,3
지역사회와시민의식,YHK1018,3
미래설계리빙랩,YHK1019,3
경제지표의이해와활용,YHL1002,3
국제지역정보분석,YHL1003,3
미분적분학과벡터해석(1),YHL1007,3
미분적분학과벡터해석(2),YHL1008,3
통계학입문,YHL1009,3
공업수학(Ⅰ),YHL1010,3
공업수학(Ⅱ),YHL1011,3
이산구조,YHL1012,3
확률및통계,YHL1014,3
패키징물류학입문,YHL1016,3
공업수학I,YHL1018,3
공업수학(1),YHL1019,3
공업수학(2),YHL1020,3
구성과해체,YHL1027,3
디지털조형,YHL1028,3
빛과색,YHL1029,3
시지각과조형,YHL1030,3
데이터사이언스입문,YHL1036,3
의료경영학,YHM2001,3
보건의료통계,YHM2004,3
의료관계법규,YHM2008,2
조사방법론,YHM2011,3
보건의료조직행동론,YHM2012,3
보건경제학,YHM2014,3
공중보건학개론,YHM2016,3
지역사회보건,YHM3003,3
국제보건학,YHM3011,3
의료정보관리학,YHM3017,3
건강증진학,YHM3018,3
병원전략경영론,YHM3022,3
SPSS자료분석론,YHM3023,3
보건의료커뮤니케이션,YHM3026,3
보건산업과보건계정,YHM3027,3
사회보장론,YHM3028,3
보건사회학,YHM3030,3
병원기획및마케팅,YHM3032,3
의료혁신관리,YHM3033,3
"노인보건학 (구,장기요양서비스관리)",YHM3034,3
보건의료조직인력관리,YHM3035,3
병원생활영어,YHM3036,3
보건교육학,YHM3037,3
보건교육방법,YHM3038,3
보건교육실습,YHM3039,3
의료관광학,YHM3040,3
보건정책분석,YHM3042,3
보건프로그램개발및평가,YHM3043,3
보건의료조직관리론,YHM3045,3
보건행정학,YHM3051,3
의료심사평가론,YHM3060,3
NCS보건학,YHM3061,3
건강보험제도의이해,YHM3067,3
법공학의이해,YHM3068,3
법과학의이해,YHM3069,3
통합돌봄서비스의이해,YHM3070,3
ESG와의료경영,YHM3071,3
보건및병원행정실습,YHM4004,3
북한의보건의료,YHM4005,3
보건계량의사결정론,YHM4009,3
보건사업관리학,YHM4013,3
보건의료인공지능,YHM4021,3
일반생물학및실험(1),YHN1002,3
일반생물학및실험(2),YHN1003,3
지속가능국제개발,YHN1004,3
인간의생물학적이해,YHN1005,3
인체생물학및실습,YHN1008,3
서양의역사와문화,YHO1008,3
기초의학입문,YHP1011,3
성인심리학,YHQ1045,3
장애의이해,YHQ1060,3
한국미술사,YHR1008,3
디자인예술학입문주),YHR1020,3
일반물리학및실험(1),YHV1001,3
일반물리학및실험(2),YHV1002,3
일반화학및실험(1),YHV1003,3
일반화학및실험(2),YHV1004,3
생명화학및실습,YHV1009,3
컴퓨팅사고,YHX1001,3
자바프로그래밍,YHX1004,3
파이썬프로그래밍,YHX1005,3
데이터프로그래밍,YHX1007,3
웹응용기초,YHX1008,3
컴퓨터프로그래밍,YHX1009,3
프로그래밍실습,YHX1012,3
의학용어,YOT1001,2
심리학의이해,YOT2002,3
의료법규및행정,YOT2003,1
신경과학,YOT2004,3
생리학,YOT2005,3
해부학,YOT2006,3
성격심리학,YOT2008,3
병태생리학,YOT2010,1
정신사회작업치료학,YOT3002,3
작업치료세미나(1),YOT3003,3
보조공학,YOT3005,3
작업치료기능해부학,YOT3007,3
임상심리학,YOT3008,3
아동작업치료학,YOT3009,3
운동재활학,YOT3010,3
감각운동평가,YOT3011,3
재활학,YOT3012,3
인체운동학,YOT3013,3
감각처리장애와중재,YOT3014,3
작업치료도구,YOT3015,2
신경계작업치료학,YOT3017,3
아동검사및평가,YOT3019,3
정신건강개론,YOT3020,3
일상생활활동,YOT3021,3
장애아동의이해,YOT3022,3
근골격계작업치료학,YOT3023,3
직업재활,YOT3025,3
노인작업치료학,YOT3028,3
가족상담,YOT3029,2
아동발달,YOT3033,3
지역사회재활,YOT3034,3
작업치료학개론,YOT3035,3
보건통계학,YOT3038,3
공중보건학,YOT3039,2
MEDICI 장기현장실습,YOT3040,9
감각과인지재활,YOT3045,3
감각재활현장실습,YOT3046,1
작업치료사현장실습(1),YOT4007,4
작업치료사현장실습(2),YOT4008,4
작업치료사현장실습(3),YOT4009,4
작업치료사현장실습(4),YOT4010,4
정신사회작업치료실습,YOT4011,1
보조기기개발(캡스톤디자인),YOT4012,3
작업치료캡스톤디자인,YOT4013,3
지역사회작업치료실습,YOT4014,1
의학용어,YPT1001,2
운동치료학,YPT2001,3
전기및광선치료학(1),YPT2003,3
전기및광선치료학(2),YPT2004,3
신경과학개론,YPT2006,3
기능해부학,YPT2008,3
이학적검사학,YPT2009,3
응급치료학,YPT2010,1
공중보건학,YPT2011,2
심리학의이해,YPT2012,3
의료법규및행정,YPT2013,1
생리학,YPT2014,3
해부학,YPT2015,3
병리학,YPT2016,3
근골격계물리치료진단과중재Ⅰ,YPT3001,3
근골격측정및평가,YPT3002,3
근골격계물리치료진단과중재Ⅱ,YPT3004,3
스포츠물리치료학,YPT3005,3
응용운동치료학,YPT3010,3
아동운동재활학,YPT3014,3
신경측정및평가,YPT3015,3
심폐재활학,YPT3019,3
질환별물리치료학,YPT3020,3
운동생리학,YPT3022,3
약리학,YPT3024,2
신경계물리치료중재,YPT3025,3
의지보조기학,YPT3026,3
현장실습(1),YPT3028,1
물리치료캡스톤디자인(1),YPT3029,1
재활의학,YPT3038,3
연구방법론,YPT3039,3
임상운동학,YPT3040,3
운동조절학,YPT3042,3
수중운동학,YPT3043,3
물리치료사현장실습(3),YPT4001,3
물리치료사현장실습(4),YPT4002,3
물리치료사현장실습(5),YPT4003,3
아동재활현장실무,YPT4004,3
현장실습(2),YPT4007,1
물리치료캡스톤디자인(2),YPT4008,1
물리치료사현장실습(6),YPT4009,3
물리치료사현장실습(1),YPT4012,3
물리치료사현장실습(2),YPT4013,3
물리치료임상의사결정학,YPT4014,3
